record_id,site_id,period_id,enrolled,updated_at,status
1,1,1,170,2026-09-09 00:38:07.243598,reported
2,1,2,180,2026-08-01 00:38:07.243598,reported
3,1,3,178,2026-09-03 00:38:07.243598,reported
4,1,4,176,2026-09-03 00:38:07.243598,reported
5,1,5,188,2026-08-19 00:38:07.243598,reported
6,1,6,176,2026-09-18 00:38:07.243598,reported
7,1,7,188,2026-09-21 00:38:07.243598,reported
8,1,8,169,2026-08-27 00:38:07.243598,reported
9,1,9,194,2026-09-08 00:38:07.243598,reported
10,1,10,203,2026-09-09 00:38:07.243598,reported
11,1,11,195,2026-08-19 00:38:07.243598,reported
12,1,12,213,2026-09-24 00:38:07.243598,reported
13,1,13,193,2026-08-28 00:38:07.243598,reported
14,1,14,189,2026-08-05 00:38:07.243598,reported
15,1,15,225,2026-09-06 00:38:07.243598,reported
16,1,16,210,2026-09-13 00:38:07.243598,reported
17,1,17,209,2026-09-02 00:38:07.243598,reported
18,1,18,215,2026-09-02 00:38:07.243598,reported
19,1,19,205,2026-08-19 00:38:07.243598,reported
20,1,20,223,2026-08-20 00:38:07.243598,reported
21,1,21,227,2026-08-23 00:38:07.243598,reported
22,1,22,227,2026-08-19 00:38:07.243598,reported
23,1,23,229,2026-08-30 00:38:07.243598,reported
24,1,24,230,2026-09-13 00:38:07.243598,reported
25,2,1,181,2026-09-04 00:38:07.243598,reported
26,2,2,186,2026-08-19 00:38:07.243598,reported
27,2,3,192,2026-09-09 00:38:07.243598,reported
28,2,4,191,2026-08-07 00:38:07.243598,reported
29,2,5,195,2026-08-19 00:38:07.243598,reported
30,2,6,207,2026-08-25 00:38:07.243598,reported
31,2,7,189,2026-09-16 00:38:07.243598,reported
32,2,8,201,2026-08-01 00:38:07.243598,reported
33,2,9,207,2026-09-02 00:38:07.243598,reported
34,2,10,201,2026-08-08 00:38:07.243598,reported
35,2,11,226,2026-09-07 00:38:07.243598,reported
36,2,12,210,2026-08-02 00:38:07.243598,reported
37,2,13,224,2026-09-09 00:38:07.243598,reported
38,2,14,231,2026-09-18 00:38:07.243598,reported
39,2,15,227,2026-09-12 00:38:07.243598,reported
40,2,16,247,2026-08-09 00:38:07.243598,reported
41,2,17,241,2026-09-07 00:38:07.243598,reported
42,2,18,230,2026-08-10 00:38:07.243598,reported
43,2,19,234,2026-09-11 00:38:07.243598,reported
44,2,20,247,2026-08-03 00:38:07.243598,reported
45,2,21,240,2026-09-10 00:38:07.243598,reported
46,2,22,240,2026-09-18 00:38:07.243598,reported
47,2,23,247,2026-08-11 00:38:07.243598,reported
48,2,24,255,2026-08-29 00:38:07.243598,reported
49,3,1,128,2026-09-20 00:38:07.243598,reported
50,3,2,147,2026-09-13 00:38:07.243598,reported
51,3,3,133,2026-08-04 00:38:07.243598,reported
52,3,4,142,2026-08-19 00:38:07.243598,reported
53,3,5,150,2026-08-12 00:38:07.243598,reported
54,3,6,154,2026-08-23 00:38:07.243598,reported
55,3,7,140,2026-08-31 00:38:07.243598,reported
56,3,8,158,2026-08-03 00:38:07.243598,reported
57,3,9,149,2026-08-07 00:38:07.243598,reported
58,3,10,167,2026-07-31 00:38:07.243598,reported
59,3,11,152,2026-08-22 00:38:07.243598,reported
60,3,12,153,2026-09-24 00:38:07.243598,reported
61,3,13,161,2026-08-10 00:38:07.243598,reported
62,3,14,157,2026-08-17 00:38:07.243598,reported
63,3,15,162,2026-08-31 00:38:07.243598,reported
64,3,16,177,2026-09-17 00:38:07.243598,reported
65,3,17,183,2026-07-31 00:38:07.243598,reported
66,3,18,187,2026-09-20 00:38:07.243598,reported
67,3,19,173,2026-09-09 00:38:07.243598,reported
68,3,20,192,2026-05-27 00:38:07.243598,reported
69,3,21,183,2026-05-27 00:38:07.243598,reported
70,3,22,175,2026-08-09 00:38:07.243598,reported
71,3,23,190,2026-08-07 00:38:07.243598,reported
72,3,24,180,2026-09-14 00:38:07.243598,reported
73,4,1,87,2026-09-19 00:38:07.243598,reported
74,4,2,88,2026-08-19 00:38:07.243598,reported
75,4,3,88,2026-08-04 00:38:07.243598,reported
76,4,4,91,2026-09-10 00:38:07.243598,reported
77,4,5,93,2026-07-31 00:38:07.243598,reported
78,4,6,80,2026-09-15 00:38:07.243598,reported
79,4,7,96,2026-09-02 00:38:07.243598,reported
80,4,8,106,2026-09-24 00:38:07.243598,reported
81,4,9,86,2026-09-21 00:38:07.243598,reported
82,4,10,100,2026-08-16 00:38:07.243598,reported
83,4,11,109,2026-08-17 00:38:07.243598,reported
84,4,12,90,2026-09-18 00:38:07.243598,reported
85,4,13,92,2026-08-30 00:38:07.243598,reported
86,4,14,99,2026-09-17 00:38:07.243598,reported
87,4,15,112,2026-09-07 00:38:07.243598,reported
88,4,16,104,2026-08-25 00:38:07.243598,reported
89,4,17,108,2026-08-15 00:38:07.243598,reported
90,4,18,111,2026-09-21 00:38:07.243598,reported
91,4,19,99,2026-08-01 00:38:07.243598,reported
92,4,20,109,2026-09-07 00:38:07.243598,reported
93,4,21,118,2026-09-13 00:38:07.243598,reported
94,4,22,127,2026-08-13 00:38:07.243598,reported
95,4,23,105,2026-09-08 00:38:07.243598,reported
96,4,24,125,2026-08-25 00:38:07.243598,reported
97,5,1,209,2026-09-24 00:38:07.243598,reported
98,5,2,233,2026-08-31 00:38:07.243598,reported
99,5,3,236,2026-08-17 00:38:07.243598,reported
100,5,4,211,2026-09-23 00:38:07.243598,reported
101,5,5,225,2026-08-27 00:38:07.243598,reported
102,5,6,240,2026-08-18 00:38:07.243598,reported
103,5,7,224,2026-08-12 00:38:07.243598,reported
104,5,8,244,2026-08-04 00:38:07.243598,reported
105,5,9,249,2026-09-19 00:38:07.243598,reported
106,5,10,247,2026-08-21 00:38:07.243598,reported
107,5,11,269,2026-08-31 00:38:07.243598,reported
108,5,12,277,2026-08-11 00:38:07.243598,reported
109,5,13,269,2026-08-21 00:38:07.243598,reported
110,5,14,267,2026-08-03 00:38:07.243598,reported
111,5,15,280,2026-09-20 00:38:07.243598,reported
112,5,16,268,2026-08-03 00:38:07.243598,reported
113,5,17,272,2026-09-11 00:38:07.243598,reported
114,5,18,285,2026-08-26 00:38:07.243598,reported
115,5,19,275,2026-09-15 00:38:07.243598,reported
116,5,20,291,2026-09-18 00:38:07.243598,reported
117,5,21,283,2026-09-15 00:38:07.243598,reported
118,5,22,293,2026-08-07 00:38:07.243598,reported
119,5,23,302,2026-08-30 00:38:07.243598,reported
120,5,24,299,2026-08-24 00:38:07.243598,reported
121,6,1,135,2026-09-02 00:38:07.243598,reported
122,6,2,133,2026-08-01 00:38:07.243598,reported
123,6,3,145,2026-08-16 00:38:07.243598,reported
124,6,4,147,2026-08-14 00:38:07.243598,reported
125,6,5,156,2026-08-12 00:38:07.243598,reported
126,6,6,131,2026-09-20 00:38:07.243598,reported
127,6,7,142,2026-08-21 00:38:07.243598,reported
128,6,8,152,2026-09-15 00:38:07.243598,reported
129,6,9,153,2026-08-16 00:38:07.243598,reported
130,6,10,156,2026-09-15 00:38:07.243598,reported
131,6,11,157,2026-09-20 00:38:07.243598,reported
132,6,12,150,2026-08-21 00:38:07.243598,reported
133,6,13,167,2026-09-04 00:38:07.243598,reported
134,6,14,162,2026-09-01 00:38:07.243598,reported
135,6,15,164,2026-08-24 00:38:07.243598,reported
136,6,16,168,2026-08-26 00:38:07.243598,reported
137,6,17,163,2026-08-13 00:38:07.243598,reported
138,6,18,168,2026-08-22 00:38:07.243598,reported
139,6,19,172,2026-09-01 00:38:07.243598,reported
140,6,20,175,2026-08-08 00:38:07.243598,reported
141,6,21,152,2026-08-16 00:38:07.243598,reported
142,6,22,185,2026-08-31 00:38:07.243598,reported
143,6,23,166,2026-08-18 00:38:07.243598,reported
144,6,24,171,2026-08-20 00:38:07.243598,reported
145,7,1,123,2026-09-09 00:38:07.243598,reported
146,7,2,132,2026-08-16 00:38:07.243598,reported
147,7,3,134,2026-07-31 00:38:07.243598,reported
148,7,4,140,2026-08-17 00:38:07.243598,reported
149,7,5,137,2026-09-19 00:38:07.243598,reported
150,7,6,157,2026-08-04 00:38:07.243598,reported
151,7,7,133,2026-09-01 00:38:07.243598,reported
152,7,8,134,2026-08-29 00:38:07.243598,reported
153,7,9,156,2026-09-16 00:38:07.243598,reported
154,7,10,158,2026-07-31 00:38:07.243598,reported
155,7,11,151,2026-09-06 00:38:07.243598,reported
156,7,12,157,2026-08-12 00:38:07.243598,reported
157,7,13,155,2026-09-14 00:38:07.243598,reported
158,7,14,156,2026-08-06 00:38:07.243598,reported
159,7,15,154,2026-08-27 00:38:07.243598,reported
160,7,16,160,2026-09-10 00:38:07.243598,reported
161,7,17,172,2026-08-15 00:38:07.243598,reported
162,7,18,620,2026-08-31 00:38:07.243598,reported
163,7,19,172,2026-09-07 00:38:07.243598,reported
164,7,20,169,2026-09-02 00:38:07.243598,reported
165,7,21,170,2026-09-03 00:38:07.243598,reported
166,7,22,179,2026-08-02 00:38:07.243598,reported
167,7,23,171,2026-09-19 00:38:07.243598,reported
168,7,24,182,2026-08-24 00:38:07.243598,reported
169,8,1,92,2026-09-16 00:38:07.243598,reported
170,8,2,82,2026-09-19 00:38:07.243598,reported
171,8,3,73,2026-08-26 00:38:07.243598,reported
172,8,4,80,2026-09-20 00:38:07.243598,reported
173,8,5,92,2026-09-15 00:38:07.243598,reported
174,8,6,99,2026-09-01 00:38:07.243598,reported
175,8,7,85,2026-08-31 00:38:07.243598,reported
176,8,8,83,2026-08-15 00:38:07.243598,reported
177,8,9,91,2026-09-17 00:38:07.243598,reported
178,8,10,90,2026-08-06 00:38:07.243598,reported
179,8,11,95,2026-09-05 00:38:07.243598,reported
180,8,12,90,2026-09-18 00:38:07.243598,reported
181,8,13,94,2026-08-10 00:38:07.243598,reported
182,8,14,100,2026-08-26 00:38:07.243598,reported
183,8,15,101,2026-08-05 00:38:07.243598,reported
184,8,16,97,2026-08-14 00:38:07.243598,reported
185,8,17,103,2026-09-07 00:38:07.243598,reported
186,8,18,88,2026-08-04 00:38:07.243598,reported
187,8,19,101,2026-09-06 00:38:07.243598,reported
188,8,20,109,2026-08-28 00:38:07.243598,reported
189,8,21,119,2026-08-23 00:38:07.243598,reported
190,8,22,103,2026-08-25 00:38:07.243598,reported
191,8,23,114,2026-09-08 00:38:07.243598,reported
192,8,24,111,2026-08-01 00:38:07.243598,reported
193,9,1,207,2026-09-16 00:38:07.243598,reported
194,9,2,199,2026-08-02 00:38:07.243598,reported
195,9,3,203,2026-08-26 00:38:07.243598,reported
196,9,4,219,2026-08-29 00:38:07.243598,reported
197,9,5,224,2026-08-04 00:38:07.243598,reported
198,9,6,222,2026-08-27 00:38:07.243598,reported
199,9,7,233,2026-08-13 00:38:07.243598,reported
200,9,8,216,2026-08-05 00:38:07.243598,reported
201,9,9,233,2026-08-27 00:38:07.243598,reported
202,9,10,235,2026-09-14 00:38:07.243598,reported
203,9,11,240,2026-07-31 00:38:07.243598,reported
204,9,12,244,2026-08-07 00:38:07.243598,reported
205,9,13,243,2026-09-06 00:38:07.243598,reported
206,9,14,246,2026-08-06 00:38:07.243598,reported
207,9,15,268,2026-09-09 00:38:07.243598,reported
208,9,16,245,2026-08-31 00:38:07.243598,reported
209,9,17,248,2026-09-11 00:38:07.243598,reported
210,9,18,261,2026-09-03 00:38:07.243598,reported
211,9,19,260,2026-08-02 00:38:07.243598,reported
212,9,20,263,2026-08-10 00:38:07.243598,reported
213,9,21,278,2026-08-04 00:38:07.243598,reported
214,9,22,264,2026-08-13 00:38:07.243598,reported
215,9,23,293,2026-08-04 00:38:07.243598,reported
216,9,24,276,2026-08-31 00:38:07.243598,reported
217,10,1,229,2026-08-06 00:38:07.243598,reported
218,10,2,237,2026-07-31 00:38:07.243598,reported
219,10,3,231,2026-08-08 00:38:07.243598,reported
220,10,4,237,2026-09-05 00:38:07.243598,reported
221,10,5,236,2026-09-10 00:38:07.243598,reported
222,10,6,243,2026-09-03 00:38:07.243598,reported
223,10,7,257,2026-08-02 00:38:07.243598,reported
224,10,8,258,2026-08-01 00:38:07.243598,reported
225,10,9,254,2026-08-25 00:38:07.243598,reported
226,10,10,254,2026-09-01 00:38:07.243598,reported
227,10,11,262,2026-09-06 00:38:07.243598,reported
228,10,12,261,2026-09-01 00:38:07.243598,reported
229,10,13,272,2026-09-06 00:38:07.243598,reported
230,10,14,268,2026-08-30 00:38:07.243598,reported
231,10,15,268,2026-09-10 00:38:07.243598,reported
232,10,16,296,2026-09-05 00:38:07.243598,reported
233,10,17,297,2026-08-27 00:38:07.243598,reported
234,10,18,301,2026-08-23 00:38:07.243598,reported
235,10,19,277,2026-08-15 00:38:07.243598,reported
236,10,20,288,2026-08-02 00:38:07.243598,reported
237,10,21,308,2026-08-19 00:38:07.243598,reported
238,10,22,298,2026-08-29 00:38:07.243598,reported
239,10,23,303,2026-09-02 00:38:07.243598,reported
240,10,24,308,2026-08-30 00:38:07.243598,reported
241,11,1,237,2026-08-21 00:38:07.243598,reported
242,11,2,217,2026-09-06 00:38:07.243598,reported
243,11,3,240,2026-08-15 00:38:07.243598,reported
244,11,4,240,2026-09-05 00:38:07.243598,reported
245,11,5,236,2026-09-07 00:38:07.243598,reported
246,11,6,244,2026-08-03 00:38:07.243598,reported
247,11,7,239,2026-08-29 00:38:07.243598,reported
248,11,8,246,2026-09-03 00:38:07.243598,reported
249,11,9,243,2026-08-29 00:38:07.243598,reported
250,11,10,255,2026-08-19 00:38:07.243598,reported
251,11,11,255,2026-08-12 00:38:07.243598,reported
252,11,12,258,2026-08-15 00:38:07.243598,reported
253,11,13,271,2026-08-06 00:38:07.243598,reported
254,11,14,283,2026-08-24 00:38:07.243598,reported
255,11,15,283,2026-09-14 00:38:07.243598,reported
256,11,16,275,2026-09-21 00:38:07.243598,reported
257,11,17,279,2026-08-09 00:38:07.243598,reported
258,11,18,294,2026-08-29 00:38:07.243598,reported
259,11,19,285,2026-08-06 00:38:07.243598,reported
260,11,20,271,2026-09-13 00:38:07.243598,reported
261,11,21,312,2026-09-10 00:38:07.243598,reported
262,11,22,298,2026-08-21 00:38:07.243598,reported
263,11,23,299,2026-08-09 00:38:07.243598,reported
264,11,24,308,2026-08-12 00:38:07.243598,reported
265,12,1,217,2026-09-08 00:38:07.243598,reported
266,12,2,219,2026-09-14 00:38:07.243598,reported
267,12,3,220,2026-09-24 00:38:07.243598,reported
268,12,4,246,2026-09-04 00:38:07.243598,reported
269,12,5,239,2026-08-16 00:38:07.243598,reported
270,12,6,232,2026-08-08 00:38:07.243598,reported
271,12,7,237,2026-09-13 00:38:07.243598,reported
272,12,8,231,2026-09-21 00:38:07.243598,reported
273,12,9,239,2026-08-12 00:38:07.243598,reported
274,12,10,253,2026-09-14 00:38:07.243598,reported
275,12,11,251,2026-08-24 00:38:07.243598,reported
276,12,12,262,2026-09-04 00:38:07.243598,reported
277,12,13,249,2026-08-25 00:38:07.243598,reported
278,12,14,120,2026-08-04 00:38:07.243598,reported
279,12,15,114,2026-08-28 00:38:07.243598,reported
280,12,16,267,2026-09-08 00:38:07.243598,reported
281,12,17,273,2026-09-08 00:38:07.243598,reported
282,12,18,262,2026-08-12 00:38:07.243598,reported
283,12,19,295,2026-09-09 00:38:07.243598,reported
284,12,20,264,2026-08-07 00:38:07.243598,reported
285,12,21,301,2026-08-29 00:38:07.243598,reported
286,12,22,277,2026-08-16 00:38:07.243598,reported
287,12,23,293,2026-09-09 00:38:07.243598,reported
288,12,24,285,2026-09-09 00:38:07.243598,reported
289,13,1,125,2026-09-18 00:38:07.243598,reported
290,13,2,117,2026-09-02 00:38:07.243598,reported
291,13,3,117,2026-09-12 00:38:07.243598,reported
292,13,4,116,2026-08-08 00:38:07.243598,reported
293,13,5,142,2026-09-09 00:38:07.243598,reported
294,13,6,139,2026-08-08 00:38:07.243598,reported
295,13,7,127,2026-08-22 00:38:07.243598,reported
296,13,8,136,2026-08-16 00:38:07.243598,reported
297,13,9,141,2026-08-03 00:38:07.243598,reported
298,13,10,142,2026-09-14 00:38:07.243598,reported
299,13,11,127,2026-08-17 00:38:07.243598,reported
300,13,12,142,2026-09-24 00:38:07.243598,reported
301,13,13,148,2026-08-30 00:38:07.243598,reported
302,13,14,152,2026-08-06 00:38:07.243598,reported
303,13,15,157,2026-08-07 00:38:07.243598,reported
304,13,16,136,2026-09-20 00:38:07.243598,reported
305,13,17,144,2026-09-21 00:38:07.243598,reported
306,13,18,147,2026-09-09 00:38:07.243598,reported
307,13,19,155,2026-09-18 00:38:07.243598,reported
308,13,20,157,2026-08-26 00:38:07.243598,reported
309,13,21,149,2026-08-30 00:38:07.243598,reported
310,13,22,179,2026-08-05 00:38:07.243598,reported
311,13,23,159,2026-08-11 00:38:07.243598,reported
312,13,24,174,2026-09-04 00:38:07.243598,reported
313,14,1,100,2026-08-10 00:38:07.243598,reported
314,14,2,105,2026-09-12 00:38:07.243598,reported
315,14,3,111,2026-08-11 00:38:07.243598,reported
316,14,4,114,2026-08-04 00:38:07.243598,reported
317,14,5,119,2026-08-11 00:38:07.243598,reported
318,14,6,113,2026-09-03 00:38:07.243598,reported
319,14,7,119,2026-09-19 00:38:07.243598,reported
320,14,8,115,2026-09-02 00:38:07.243598,reported
321,14,9,146,2026-09-01 00:38:07.243598,reported
322,14,10,134,2026-08-21 00:38:07.243598,reported
323,14,11,128,2026-08-12 00:38:07.243598,reported
324,14,12,134,2026-08-31 00:38:07.243598,reported
325,14,13,132,2026-09-14 00:38:07.243598,reported
326,14,14,135,2026-09-22 00:38:07.243598,reported
327,14,15,133,2026-09-21 00:38:07.243598,reported
328,14,16,133,2026-09-08 00:38:07.243598,reported
329,14,17,134,2026-08-24 00:38:07.243598,reported
330,14,18,133,2026-08-26 00:38:07.243598,reported
331,14,19,149,2026-08-05 00:38:07.243598,reported
332,14,20,157,2026-08-15 00:38:07.243598,reported
333,14,21,139,2026-08-14 00:38:07.243598,reported
334,14,22,135,2026-09-03 00:38:07.243598,reported
335,14,23,148,2026-09-15 00:38:07.243598,reported
336,14,24,152,2026-08-25 00:38:07.243598,reported
337,15,1,165,2026-09-17 00:38:07.243598,reported
338,15,2,161,2026-08-18 00:38:07.243598,reported
339,15,3,164,2026-09-22 00:38:07.243598,reported
340,15,4,148,2026-09-17 00:38:07.243598,reported
341,15,5,160,2026-08-05 00:38:07.243598,reported
342,15,6,162,2026-09-08 00:38:07.243598,reported
343,15,7,159,2026-08-12 00:38:07.243598,reported
344,15,8,158,2026-08-17 00:38:07.243598,reported
345,15,9,160,2026-08-13 00:38:07.243598,reported
346,15,10,176,2026-08-02 00:38:07.243598,reported
347,15,11,192,2026-09-24 00:38:07.243598,reported
348,15,12,172,2026-08-30 00:38:07.243598,reported
349,15,13,173,2026-08-24 00:38:07.243598,reported
350,15,14,192,2026-09-01 00:38:07.243598,reported
351,15,15,184,2026-09-10 00:38:07.243598,reported
352,15,16,179,2026-09-21 00:38:07.243598,reported
353,15,17,203,2026-08-18 00:38:07.243598,reported
354,15,18,206,2026-08-23 00:38:07.243598,reported
355,15,19,188,2026-09-13 00:38:07.243598,reported
356,15,20,203,2026-08-10 00:38:07.243598,reported
357,15,21,198,2026-09-06 00:38:07.243598,reported
358,15,22,195,2026-08-04 00:38:07.243598,reported
359,15,23,194,2026-08-30 00:38:07.243598,reported
360,15,24,204,2026-08-04 00:38:07.243598,reported
361,16,1,92,2026-09-19 00:38:07.243598,reported
362,16,2,104,2026-09-04 00:38:07.243598,reported
363,16,3,97,2026-09-20 00:38:07.243598,reported
364,16,4,91,2026-09-19 00:38:07.243598,reported
365,16,5,94,2026-08-26 00:38:07.243598,reported
366,16,6,96,2026-08-21 00:38:07.243598,reported
367,16,7,112,2026-08-21 00:38:07.243598,reported
368,16,8,91,2026-08-18 00:38:07.243598,reported
369,16,9,109,2026-08-12 00:38:07.243598,reported
370,16,10,107,2026-08-10 00:38:07.243598,reported
371,16,11,102,2026-08-02 00:38:07.243598,reported
372,16,12,112,2026-09-03 00:38:07.243598,reported
373,16,13,103,2026-09-24 00:38:07.243598,reported
374,16,14,120,2026-09-18 00:38:07.243598,reported
375,16,15,108,2026-08-27 00:38:07.243598,reported
376,16,16,128,2026-08-14 00:38:07.243598,reported
377,16,17,129,2026-09-09 00:38:07.243598,reported
378,16,18,124,2026-08-20 00:38:07.243598,reported
379,16,19,98,2026-07-31 00:38:07.243598,reported
380,16,20,128,2026-08-27 00:38:07.243598,reported
381,16,21,137,2026-08-17 00:38:07.243598,reported
382,16,22,130,2026-09-16 00:38:07.243598,reported
383,16,23,134,2026-08-27 00:38:07.243598,reported
384,16,24,114,2026-08-06 00:38:07.243598,reported
385,17,1,118,2026-08-01 00:38:07.243598,reported
386,17,2,116,2026-08-12 00:38:07.243598,reported
387,17,3,108,2026-09-09 00:38:07.243598,reported
388,17,4,117,2026-09-20 00:38:07.243598,reported
389,17,5,131,2026-08-28 00:38:07.243598,reported
390,17,6,124,2026-08-02 00:38:07.243598,reported
391,17,7,136,2026-09-24 00:38:07.243598,reported
392,17,8,132,2026-09-20 00:38:07.243598,reported
393,17,9,153,2026-09-08 00:38:07.243598,reported
394,17,10,136,2026-08-13 00:38:07.243598,reported
395,17,11,135,2026-08-14 00:38:07.243598,reported
396,17,12,140,2026-09-20 00:38:07.243598,reported
397,17,13,140,2026-09-04 00:38:07.243598,reported
398,17,14,147,2026-09-11 00:38:07.243598,reported
399,17,15,148,2026-08-17 00:38:07.243598,reported
400,17,16,142,2026-09-05 00:38:07.243598,reported
401,17,17,143,2026-08-03 00:38:07.243598,reported
402,17,18,135,2026-08-14 00:38:07.243598,reported
403,17,19,144,2026-09-22 00:38:07.243598,reported
404,17,20,154,2026-08-21 00:38:07.243598,reported
405,17,21,153,2026-09-17 00:38:07.243598,reported
406,17,22,159,2026-09-11 00:38:07.243598,reported
407,17,23,148,2026-09-22 00:38:07.243598,reported
408,17,24,163,2026-09-22 00:38:07.243598,reported
409,18,1,182,2026-09-04 00:38:07.243598,reported
410,18,2,201,2026-08-10 00:38:07.243598,reported
411,18,3,203,2026-09-14 00:38:07.243598,reported
412,18,4,192,2026-08-17 00:38:07.243598,reported
413,18,5,203,2026-09-03 00:38:07.243598,reported
414,18,6,193,2026-08-20 00:38:07.243598,reported
415,18,7,220,2026-08-17 00:38:07.243598,reported
416,18,8,212,2026-08-24 00:38:07.243598,reported
417,18,9,220,2026-09-21 00:38:07.243598,reported
418,18,10,213,2026-08-06 00:38:07.243598,reported
419,18,11,220,2026-09-06 00:38:07.243598,reported
420,18,12,231,2026-08-08 00:38:07.243598,reported
421,18,13,219,2026-09-10 00:38:07.243598,reported
422,18,14,238,2026-08-26 00:38:07.243598,reported
423,18,15,245,2026-09-24 00:38:07.243598,reported
424,18,16,246,2026-09-09 00:38:07.243598,reported
425,18,17,235,2026-07-31 00:38:07.243598,reported
426,18,18,244,2026-08-29 00:38:07.243598,reported
427,18,19,236,2026-09-11 00:38:07.243598,reported
428,18,20,257,2026-09-09 00:38:07.243598,reported
429,18,21,250,2026-08-16 00:38:07.243598,reported
430,18,22,252,2026-09-07 00:38:07.243598,reported
431,18,23,247,2026-09-22 00:38:07.243598,reported
432,18,24,275,2026-09-19 00:38:07.243598,reported
433,19,1,220,2026-08-05 00:38:07.243598,reported
434,19,2,222,2026-09-04 00:38:07.243598,reported
435,19,3,237,2026-08-30 00:38:07.243598,reported
436,19,4,241,2026-09-02 00:38:07.243598,reported
437,19,5,241,2026-09-01 00:38:07.243598,reported
438,19,6,250,2026-08-10 00:38:07.243598,reported
439,19,7,244,2026-08-20 00:38:07.243598,reported
440,19,8,256,2026-09-22 00:38:07.243598,reported
441,19,9,254,2026-09-24 00:38:07.243598,reported
442,19,10,256,2026-08-06 00:38:07.243598,reported
443,19,11,257,2026-09-13 00:38:07.243598,reported
444,19,12,253,2026-08-26 00:38:07.243598,reported
445,19,13,273,2026-09-08 00:38:07.243598,reported
446,19,14,285,2026-08-04 00:38:07.243598,reported
447,19,15,266,2026-09-19 00:38:07.243598,reported
448,19,16,273,2026-08-11 00:38:07.243598,reported
449,19,17,275,2026-08-30 00:38:07.243598,reported
450,19,18,280,2026-08-29 00:38:07.243598,reported
451,19,19,292,2026-08-31 00:38:07.243598,reported
452,19,20,286,2026-08-29 00:38:07.243598,reported
453,19,21,290,2026-08-10 00:38:07.243598,reported
454,19,22,303,2026-09-10 00:38:07.243598,reported
455,19,23,292,2026-09-08 00:38:07.243598,reported
456,19,24,302,2026-08-05 00:38:07.243598,reported
457,20,1,227,2026-09-18 00:38:07.243598,reported
458,20,2,236,2026-09-21 00:38:07.243598,reported
459,20,3,236,2026-08-03 00:38:07.243598,reported
460,20,4,243,2026-09-01 00:38:07.243598,reported
461,20,5,253,2026-08-03 00:38:07.243598,reported
462,20,6,245,2026-08-27 00:38:07.243598,reported
463,20,7,264,2026-08-03 00:38:07.243598,reported
464,20,8,256,2026-08-10 00:38:07.243598,reported
465,20,9,258,2026-08-28 00:38:07.243598,reported
466,20,10,265,2026-09-10 00:38:07.243598,reported
467,20,11,267,2026-08-04 00:38:07.243598,reported
468,20,12,277,2026-08-18 00:38:07.243598,reported
469,20,13,284,2026-09-23 00:38:07.243598,reported
470,20,14,264,2026-09-04 00:38:07.243598,reported
471,20,15,267,2026-08-10 00:38:07.243598,reported
472,20,16,280,2026-08-29 00:38:07.243598,reported
473,20,17,293,2026-08-08 00:38:07.243598,reported
474,20,18,285,2026-08-28 00:38:07.243598,reported
475,20,19,284,2026-08-27 00:38:07.243598,reported
476,20,20,286,2026-09-11 00:38:07.243598,reported
477,20,21,299,2026-08-05 00:38:07.243598,reported
478,20,22,294,2026-08-28 00:38:07.243598,reported
479,20,23,297,2026-08-09 00:38:07.243598,reported
480,20,24,315,2026-09-02 00:38:07.243598,reported
481,21,1,172,2026-09-02 00:38:07.243598,reported
482,21,2,168,2026-09-01 00:38:07.243598,reported
483,21,3,167,2026-08-15 00:38:07.243598,reported
484,21,4,168,2026-09-11 00:38:07.243598,reported
485,21,5,164,2026-09-22 00:38:07.243598,reported
486,21,6,167,2026-08-05 00:38:07.243598,reported
487,21,7,195,2026-09-06 00:38:07.243598,reported
488,21,8,182,2026-08-03 00:38:07.243598,reported
489,21,9,184,2026-08-30 00:38:07.243598,reported
490,21,10,183,2026-08-13 00:38:07.243598,reported
491,21,11,192,2026-08-04 00:38:07.243598,reported
492,21,12,189,2026-09-21 00:38:07.243598,reported
493,21,13,189,2026-08-15 00:38:07.243598,reported
494,21,14,191,2026-08-12 00:38:07.243598,reported
495,21,15,182,2026-08-06 00:38:07.243598,reported
496,21,16,184,2026-08-13 00:38:07.243598,reported
497,21,17,185,2026-08-14 00:38:07.243598,reported
498,21,18,205,2026-08-30 00:38:07.243598,reported
499,21,19,203,2026-08-20 00:38:07.243598,reported
500,21,20,205,2026-09-16 00:38:07.243598,reported
501,21,21,196,2026-09-18 00:38:07.243598,reported
502,21,22,217,2026-08-30 00:38:07.243598,reported
503,21,23,206,2026-09-11 00:38:07.243598,reported
504,21,24,213,2026-08-03 00:38:07.243598,reported
505,22,1,208,2026-09-24 00:38:07.243598,reported
506,22,2,204,2026-08-28 00:38:07.243598,reported
507,22,3,212,2026-09-19 00:38:07.243598,reported
508,22,4,206,2026-08-06 00:38:07.243598,reported
509,22,5,227,2026-09-15 00:38:07.243598,reported
510,22,6,214,2026-08-20 00:38:07.243598,reported
511,22,7,225,2026-09-13 00:38:07.243598,reported
512,22,8,241,2026-08-31 00:38:07.243598,reported
513,22,9,228,2026-09-09 00:38:07.243598,reported
514,22,10,241,2026-09-18 00:38:07.243598,reported
515,22,11,250,2026-09-06 00:38:07.243598,reported
516,22,12,248,2026-09-12 00:38:07.243598,reported
517,22,13,246,2026-09-08 00:38:07.243598,reported
518,22,14,250,2026-09-20 00:38:07.243598,reported
519,22,15,248,2026-09-24 00:38:07.243598,reported
520,22,16,258,2026-09-06 00:38:07.243598,reported
521,22,17,252,2026-09-16 00:38:07.243598,reported
522,22,18,256,2026-09-10 00:38:07.243598,reported
523,22,19,250,2026-09-03 00:38:07.243598,reported
524,22,20,266,2026-09-22 00:38:07.243598,reported
525,22,21,279,2026-09-18 00:38:07.243598,reported
526,22,22,261,2026-08-03 00:38:07.243598,reported
527,22,23,290,2026-09-13 00:38:07.243598,reported
528,22,24,286,2026-08-10 00:38:07.243598,reported
529,23,1,92,2026-09-04 00:38:07.243598,reported
530,23,2,88,2026-09-23 00:38:07.243598,reported
531,23,3,89,2026-08-06 00:38:07.243598,reported
532,23,4,99,2026-08-01 00:38:07.243598,reported
533,23,5,89,2026-08-04 00:38:07.243598,reported
534,23,6,103,2026-09-07 00:38:07.243598,reported
535,23,7,100,2026-09-14 00:38:07.243598,reported
536,23,8,88,2026-09-15 00:38:07.243598,reported
537,23,9,101,2026-08-31 00:38:07.243598,reported
538,23,10,107,2026-09-12 00:38:07.243598,reported
539,23,11,119,2026-08-17 00:38:07.243598,reported
540,23,12,116,2026-08-27 00:38:07.243598,reported
541,23,13,103,2026-09-13 00:38:07.243598,reported
542,23,14,108,2026-08-03 00:38:07.243598,reported
543,23,15,125,2026-09-11 00:38:07.243598,reported
544,23,16,122,2026-08-03 00:38:07.243598,reported
545,23,17,100,2026-08-13 00:38:07.243598,reported
546,23,18,106,2026-09-14 00:38:07.243598,reported
547,23,19,105,2026-09-01 00:38:07.243598,reported
548,23,20,125,2026-08-08 00:38:07.243598,reported
549,23,21,118,2026-09-18 00:38:07.243598,reported
550,23,22,113,2026-08-17 00:38:07.243598,reported
551,23,23,120,2026-08-04 00:38:07.243598,reported
552,23,24,106,2026-08-25 00:38:07.243598,reported
553,24,1,216,2026-08-08 00:38:07.243598,reported
554,24,2,213,2026-08-31 00:38:07.243598,reported
555,24,3,230,2026-08-13 00:38:07.243598,reported
556,24,4,229,2026-09-03 00:38:07.243598,reported
557,24,5,216,2026-08-16 00:38:07.243598,reported
558,24,6,239,2026-09-09 00:38:07.243598,reported
559,24,7,236,2026-09-13 00:38:07.243598,reported
560,24,8,236,2026-09-13 00:38:07.243598,reported
561,24,9,248,2026-09-06 00:38:07.243598,reported
562,24,10,248,2026-08-14 00:38:07.243598,reported
563,24,11,240,2026-09-20 00:38:07.243598,reported
564,24,12,248,2026-08-22 00:38:07.243598,reported
565,24,13,245,2026-08-29 00:38:07.243598,reported
566,24,14,263,2026-08-28 00:38:07.243598,reported
567,24,15,265,2026-08-18 00:38:07.243598,reported
568,24,16,265,2026-08-21 00:38:07.243598,reported
569,24,17,266,2026-08-06 00:38:07.243598,reported
570,24,18,281,2026-08-14 00:38:07.243598,reported
571,24,19,264,2026-08-01 00:38:07.243598,reported
572,24,20,283,2026-08-09 00:38:07.243598,reported
573,24,21,270,2026-09-10 00:38:07.243598,reported
574,24,22,266,2026-08-07 00:38:07.243598,reported
575,24,23,290,2026-08-15 00:38:07.243598,reported
576,24,24,281,2026-09-18 00:38:07.243598,reported
577,25,1,177,2026-08-20 00:38:07.243598,reported
578,25,2,165,2026-08-30 00:38:07.243598,reported
579,25,3,171,2026-08-15 00:38:07.243598,reported
580,25,4,176,2026-07-31 00:38:07.243598,reported
581,25,5,191,2026-08-06 00:38:07.243598,reported
582,25,6,198,2026-09-18 00:38:07.243598,reported
583,25,7,196,2026-09-20 00:38:07.243598,reported
584,25,8,200,2026-08-20 00:38:07.243598,reported
585,25,9,195,2026-09-09 00:38:07.243598,reported
586,25,10,203,2026-09-20 00:38:07.243598,reported
587,25,11,191,2026-09-05 00:38:07.243598,reported
588,25,12,203,2026-08-23 00:38:07.243598,reported
589,25,13,209,2026-09-24 00:38:07.243598,reported
590,25,14,222,2026-09-23 00:38:07.243598,reported
591,25,15,211,2026-09-23 00:38:07.243598,reported
592,25,16,225,2026-08-25 00:38:07.243598,reported
593,25,17,223,2026-08-22 00:38:07.243598,reported
594,25,18,227,2026-08-08 00:38:07.243598,reported
595,25,19,219,2026-09-04 00:38:07.243598,reported
596,25,20,231,2026-09-22 00:38:07.243598,reported
597,25,21,215,2026-08-09 00:38:07.243598,reported
598,25,22,229,2026-08-23 00:38:07.243598,reported
599,25,23,233,2026-08-02 00:38:07.243598,reported
600,25,24,240,2026-09-10 00:38:07.243598,reported
601,26,1,118,2026-08-17 00:38:07.243598,reported
602,26,2,103,2026-08-07 00:38:07.243598,reported
603,26,3,107,2026-08-28 00:38:07.243598,reported
604,26,4,98,2026-09-14 00:38:07.243598,reported
605,26,5,116,2026-08-04 00:38:07.243598,reported
606,26,6,109,2026-09-02 00:38:07.243598,reported
607,26,7,118,2026-09-13 00:38:07.243598,reported
608,26,8,120,2026-09-03 00:38:07.243598,reported
609,26,9,127,2026-09-17 00:38:07.243598,reported
610,26,10,124,2026-09-08 00:38:07.243598,reported
611,26,11,139,2026-09-03 00:38:07.243598,reported
612,26,12,137,2026-09-04 00:38:07.243598,reported
613,26,13,135,2026-08-20 00:38:07.243598,reported
614,26,14,140,2026-08-01 00:38:07.243598,reported
615,26,15,125,2026-08-08 00:38:07.243598,reported
616,26,16,139,2026-09-15 00:38:07.243598,reported
617,26,17,138,2026-08-18 00:38:07.243598,reported
618,26,18,139,2026-08-23 00:38:07.243598,reported
619,26,19,138,2026-08-01 00:38:07.243598,reported
620,26,20,130,2026-08-14 00:38:07.243598,reported
621,26,21,147,2026-09-08 00:38:07.243598,reported
622,26,22,149,2026-08-27 00:38:07.243598,reported
623,26,23,145,2026-08-12 00:38:07.243598,reported
624,26,24,131,2026-07-31 00:38:07.243598,reported
625,27,1,223,2026-08-01 00:38:07.243598,reported
626,27,2,227,2026-08-18 00:38:07.243598,reported
627,27,3,243,2026-08-19 00:38:07.243598,reported
628,27,4,248,2026-09-04 00:38:07.243598,reported
629,27,5,248,2026-08-29 00:38:07.243598,reported
630,27,6,248,2026-09-05 00:38:07.243598,reported
631,27,7,256,2026-09-12 00:38:07.243598,reported
632,27,8,250,2026-08-11 00:38:07.243598,reported
633,27,9,265,2026-08-24 00:38:07.243598,reported
634,27,10,239,2026-09-10 00:38:07.243598,reported
635,27,11,261,2026-09-20 00:38:07.243598,reported
636,27,12,265,2026-08-03 00:38:07.243598,reported
637,27,13,266,2026-08-13 00:38:07.243598,reported
638,27,14,287,2026-09-05 00:38:07.243598,reported
639,27,15,283,2026-08-20 00:38:07.243598,reported
640,27,16,287,2026-09-19 00:38:07.243598,reported
641,27,17,286,2026-08-03 00:38:07.243598,reported
642,27,18,294,2026-09-02 00:38:07.243598,reported
643,27,19,286,2026-09-16 00:38:07.243598,reported
644,27,20,291,2026-08-13 00:38:07.243598,reported
645,27,21,284,2026-08-23 00:38:07.243598,reported
646,27,22,283,2026-09-14 00:38:07.243598,reported
647,27,23,310,2026-08-15 00:38:07.243598,reported
648,27,24,320,2026-08-06 00:38:07.243598,reported
649,28,1,147,2026-09-15 00:38:07.243598,reported
650,28,2,148,2026-08-24 00:38:07.243598,reported
651,28,3,139,2026-08-22 00:38:07.243598,reported
652,28,4,154,2026-09-15 00:38:07.243598,reported
653,28,5,163,2026-08-26 00:38:07.243598,reported
654,28,6,177,2026-09-06 00:38:07.243598,reported
655,28,7,181,2026-08-09 00:38:07.243598,reported
656,28,8,169,2026-09-01 00:38:07.243598,reported
657,28,9,159,2026-08-29 00:38:07.243598,reported
658,28,10,160,2026-08-27 00:38:07.243598,reported
659,28,11,172,2026-09-17 00:38:07.243598,reported
660,28,12,185,2026-08-21 00:38:07.243598,reported
661,28,13,189,2026-08-27 00:38:07.243598,reported
662,28,14,201,2026-08-01 00:38:07.243598,reported
663,28,15,199,2026-08-10 00:38:07.243598,reported
664,28,16,197,2026-08-24 00:38:07.243598,reported
665,28,17,201,2026-08-24 00:38:07.243598,reported
666,28,18,188,2026-08-10 00:38:07.243598,reported
667,28,19,206,2026-09-06 00:38:07.243598,reported
668,28,20,200,2026-08-04 00:38:07.243598,reported
669,28,21,200,2026-08-22 00:38:07.243598,reported
670,28,22,220,2026-09-22 00:38:07.243598,reported
671,28,23,203,2026-09-05 00:38:07.243598,reported
672,28,24,189,2026-09-10 00:38:07.243598,reported
673,29,1,209,2026-09-10 00:38:07.243598,reported
674,29,2,206,2026-09-17 00:38:07.243598,reported
675,29,3,226,2026-09-22 00:38:07.243598,reported
676,29,4,225,2026-09-09 00:38:07.243598,reported
677,29,5,204,2026-08-05 00:38:07.243598,reported
678,29,6,229,2026-08-14 00:38:07.243598,reported
679,29,7,228,2026-09-11 00:38:07.243598,reported
680,29,8,240,2026-09-21 00:38:07.243598,reported
681,29,9,230,2026-09-05 00:38:07.243598,reported
682,29,10,248,2026-09-10 00:38:07.243598,reported
683,29,11,244,2026-08-04 00:38:07.243598,reported
684,29,12,252,2026-08-31 00:38:07.243598,reported
685,29,13,244,2026-09-22 00:38:07.243598,reported
686,29,14,252,2026-09-18 00:38:07.243598,reported
687,29,15,244,2026-08-18 00:38:07.243598,reported
688,29,16,256,2026-08-14 00:38:07.243598,reported
689,29,17,254,2026-08-22 00:38:07.243598,reported
690,29,18,248,2026-08-09 00:38:07.243598,reported
691,29,19,264,2026-08-26 00:38:07.243598,reported
692,29,20,262,2026-09-21 00:38:07.243598,reported
693,29,21,274,2026-09-23 00:38:07.243598,reported
694,29,22,284,2026-08-15 00:38:07.243598,reported
695,29,23,285,2026-09-04 00:38:07.243598,reported
696,29,24,282,2026-09-07 00:38:07.243598,reported
697,30,1,114,2026-08-24 00:38:07.243598,reported
698,30,2,102,2026-08-12 00:38:07.243598,reported
699,30,3,127,2026-09-18 00:38:07.243598,reported
700,30,4,122,2026-09-05 00:38:07.243598,reported
701,30,5,117,2026-08-28 00:38:07.243598,reported
702,30,6,124,2026-09-16 00:38:07.243598,reported
703,30,7,108,2026-09-01 00:38:07.243598,reported
704,30,8,105,2026-08-08 00:38:07.243598,reported
705,30,9,129,2026-08-31 00:38:07.243598,reported
706,30,10,133,2026-08-18 00:38:07.243598,reported
707,30,11,136,2026-09-02 00:38:07.243598,reported
708,30,12,153,2026-08-22 00:38:07.243598,reported
709,30,13,140,2026-09-10 00:38:07.243598,reported
710,30,14,142,2026-09-14 00:38:07.243598,reported
711,30,15,140,2026-08-08 00:38:07.243598,reported
712,30,16,141,2026-09-03 00:38:07.243598,reported
713,30,17,130,2026-08-11 00:38:07.243598,reported
714,30,18,140,2026-09-12 00:38:07.243598,reported
715,30,19,146,2026-09-18 00:38:07.243598,reported
716,30,20,150,2026-08-11 00:38:07.243598,reported
717,30,21,145,2026-08-09 00:38:07.243598,reported
718,30,22,137,2026-09-14 00:38:07.243598,reported
719,30,23,154,2026-08-18 00:38:07.243598,reported
720,30,24,156,2026-08-07 00:38:07.243598,reported
721,31,1,203,2026-07-31 00:38:07.243598,reported
722,31,2,211,2026-09-10 00:38:07.243598,reported
723,31,3,216,2026-08-13 00:38:07.243598,reported
724,31,4,212,2026-09-15 00:38:07.243598,reported
725,31,5,227,2026-08-11 00:38:07.243598,reported
726,31,6,224,2026-08-05 00:38:07.243598,reported
727,31,7,232,2026-09-14 00:38:07.243598,reported
728,31,8,237,2026-09-12 00:38:07.243598,reported
729,31,9,229,2026-09-19 00:38:07.243598,reported
730,31,10,239,2026-09-16 00:38:07.243598,reported
731,31,11,239,2026-09-11 00:38:07.243598,reported
732,31,12,240,2026-08-01 00:38:07.243598,reported
733,31,13,239,2026-08-23 00:38:07.243598,reported
734,31,14,251,2026-09-01 00:38:07.243598,reported
735,31,15,265,2026-09-22 00:38:07.243598,reported
736,31,16,249,2026-08-13 00:38:07.243598,reported
737,31,17,262,2026-09-24 00:38:07.243598,reported
738,31,18,268,2026-08-20 00:38:07.243598,reported
739,31,19,279,2026-08-05 00:38:07.243598,reported
740,31,20,258,2026-09-04 00:38:07.243598,reported
741,31,21,281,2026-07-31 00:38:07.243598,reported
742,31,22,284,2026-09-11 00:38:07.243598,reported
743,31,23,275,2026-08-02 00:38:07.243598,reported
744,31,24,285,2026-09-04 00:38:07.243598,reported
745,32,1,113,2026-09-14 00:38:07.243598,reported
746,32,2,125,2026-09-14 00:38:07.243598,reported
747,32,3,128,2026-08-23 00:38:07.243598,reported
748,32,4,127,2026-09-05 00:38:07.243598,reported
749,32,5,123,2026-08-12 00:38:07.243598,reported
750,32,6,127,2026-08-29 00:38:07.243598,reported
751,32,7,114,2026-08-21 00:38:07.243598,reported
752,32,8,131,2026-09-07 00:38:07.243598,reported
753,32,9,143,2026-08-24 00:38:07.243598,reported
754,32,10,146,2026-09-20 00:38:07.243598,reported
755,32,11,137,2026-08-04 00:38:07.243598,reported
756,32,12,132,2026-08-02 00:38:07.243598,reported
757,32,13,164,2026-09-14 00:38:07.243598,reported
758,32,14,143,2026-09-07 00:38:07.243598,reported
759,32,15,139,2026-08-08 00:38:07.243598,reported
760,32,16,155,2026-08-22 00:38:07.243598,reported
761,32,17,159,2026-09-22 00:38:07.243598,reported
762,32,18,139,2026-08-25 00:38:07.243598,reported
763,32,19,160,2026-08-13 00:38:07.243598,reported
764,32,20,143,2026-09-05 00:38:07.243598,reported
765,32,21,139,2026-08-08 00:38:07.243598,reported
766,32,22,157,2026-09-03 00:38:07.243598,reported
767,32,23,155,2026-09-14 00:38:07.243598,reported
768,32,24,151,2026-08-31 00:38:07.243598,reported
769,33,1,194,2026-08-16 00:38:07.243598,reported
770,33,2,183,2026-08-08 00:38:07.243598,reported
771,33,3,181,2026-09-14 00:38:07.243598,reported
772,33,4,183,2026-08-07 00:38:07.243598,reported
773,33,5,180,2026-09-18 00:38:07.243598,reported
774,33,6,198,2026-09-17 00:38:07.243598,reported
775,33,7,194,2026-08-07 00:38:07.243598,reported
776,33,8,192,2026-09-24 00:38:07.243598,reported
777,33,9,209,2026-09-04 00:38:07.243598,reported
778,33,10,215,2026-09-13 00:38:07.243598,reported
779,33,11,200,2026-09-02 00:38:07.243598,reported
780,33,12,214,2026-08-20 00:38:07.243598,reported
781,33,13,208,2026-09-13 00:38:07.243598,reported
782,33,14,219,2026-08-01 00:38:07.243598,reported
783,33,15,221,2026-08-21 00:38:07.243598,reported
784,33,16,218,2026-09-15 00:38:07.243598,reported
785,33,17,214,2026-08-31 00:38:07.243598,reported
786,33,18,231,2026-08-10 00:38:07.243598,reported
787,33,19,221,2026-08-30 00:38:07.243598,reported
788,33,20,212,2026-07-31 00:38:07.243598,reported
789,33,21,213,2026-08-12 00:38:07.243598,reported
790,33,22,225,2026-08-03 00:38:07.243598,reported
791,33,23,233,2026-08-09 00:38:07.243598,reported
792,33,24,255,2026-09-11 00:38:07.243598,reported
793,34,1,197,2026-09-09 00:38:07.243598,reported
794,34,2,214,2026-08-04 00:38:07.243598,reported
795,34,3,213,2026-09-16 00:38:07.243598,reported
796,34,4,226,2026-09-04 00:38:07.243598,reported
797,34,5,230,2026-08-18 00:38:07.243598,reported
798,34,6,225,2026-09-16 00:38:07.243598,reported
799,34,7,226,2026-08-30 00:38:07.243598,reported
800,34,8,225,2026-08-22 00:38:07.243598,reported
801,34,9,250,2026-09-16 00:38:07.243598,reported
802,34,10,226,2026-09-18 00:38:07.243598,reported
803,34,11,246,2026-09-17 00:38:07.243598,reported
804,34,12,256,2026-09-04 00:38:07.243598,reported
805,34,13,242,2026-08-09 00:38:07.243598,reported
806,34,14,245,2026-08-30 00:38:07.243598,reported
807,34,15,251,2026-09-15 00:38:07.243598,reported
808,34,16,262,2026-09-19 00:38:07.243598,reported
809,34,17,268,2026-08-09 00:38:07.243598,reported
810,34,18,271,2026-08-18 00:38:07.243598,reported
811,34,19,280,2026-07-31 00:38:07.243598,reported
812,34,20,276,2026-09-22 00:38:07.243598,reported
813,34,21,265,2026-08-03 00:38:07.243598,reported
814,34,22,289,2026-08-29 00:38:07.243598,reported
815,34,23,290,2026-09-23 00:38:07.243598,reported
816,34,24,292,2026-08-17 00:38:07.243598,reported
817,35,1,204,2026-08-08 00:38:07.243598,reported
818,35,2,209,2026-08-10 00:38:07.243598,reported
819,35,3,188,2026-08-09 00:38:07.243598,reported
820,35,4,205,2026-09-14 00:38:07.243598,reported
821,35,5,227,2026-08-04 00:38:07.243598,reported
822,35,6,212,2026-08-30 00:38:07.243598,reported
823,35,7,218,2026-08-25 00:38:07.243598,reported
824,35,8,228,2026-09-10 00:38:07.243598,reported
825,35,9,221,2026-09-17 00:38:07.243598,reported
826,35,10,240,2026-08-10 00:38:07.243598,reported
827,35,11,238,2026-08-10 00:38:07.243598,reported
828,35,12,222,2026-09-04 00:38:07.243598,reported
829,35,13,246,2026-08-26 00:38:07.243598,reported
830,35,14,221,2026-09-11 00:38:07.243598,reported
831,35,15,263,2026-09-07 00:38:07.243598,reported
832,35,16,236,2026-09-23 00:38:07.243598,reported
833,35,17,245,2026-08-25 00:38:07.243598,reported
834,35,18,241,2026-09-22 00:38:07.243598,reported
835,35,19,249,2026-09-14 00:38:07.243598,reported
836,35,20,253,2026-09-02 00:38:07.243598,reported
837,35,21,240,2026-09-13 00:38:07.243598,reported
838,35,22,250,2026-08-21 00:38:07.243598,reported
839,35,23,256,2026-08-17 00:38:07.243598,reported
840,35,24,276,2026-08-08 00:38:07.243598,reported
841,36,1,201,2026-08-08 00:38:07.243598,reported
842,36,2,209,2026-09-22 00:38:07.243598,reported
843,36,3,208,2026-09-07 00:38:07.243598,reported
844,36,4,213,2026-08-11 00:38:07.243598,reported
845,36,5,223,2026-09-24 00:38:07.243598,reported
846,36,6,232,2026-09-11 00:38:07.243598,reported
847,36,7,232,2026-08-11 00:38:07.243598,reported
848,36,8,231,2026-09-09 00:38:07.243598,reported
849,36,9,240,2026-08-29 00:38:07.243598,reported
850,36,10,245,2026-08-26 00:38:07.243598,reported
851,36,11,233,2026-08-29 00:38:07.243598,reported
852,36,12,242,2026-08-18 00:38:07.243598,reported
853,36,13,233,2026-08-25 00:38:07.243598,reported
854,36,14,245,2026-09-17 00:38:07.243598,reported
855,36,15,249,2026-09-20 00:38:07.243598,reported
856,36,16,254,2026-09-09 00:38:07.243598,reported
857,36,17,257,2026-08-03 00:38:07.243598,reported
858,36,18,268,2026-08-07 00:38:07.243598,reported
859,36,19,276,2026-08-10 00:38:07.243598,reported
860,36,20,270,2026-09-13 00:38:07.243598,reported
861,36,21,271,2026-08-04 00:38:07.243598,reported
862,36,22,269,2026-09-20 00:38:07.243598,reported
863,36,23,279,2026-08-27 00:38:07.243598,reported
864,36,24,271,2026-09-03 00:38:07.243598,reported
865,37,1,128,2026-09-05 00:38:07.243598,reported
866,37,2,137,2026-09-22 00:38:07.243598,reported
867,37,3,147,2026-08-11 00:38:07.243598,reported
868,37,4,132,2026-08-06 00:38:07.243598,reported
869,37,5,145,2026-09-13 00:38:07.243598,reported
870,37,6,127,2026-08-15 00:38:07.243598,reported
871,37,7,130,2026-08-31 00:38:07.243598,reported
872,37,8,134,2026-09-15 00:38:07.243598,reported
873,37,9,140,2026-08-03 00:38:07.243598,reported
874,37,10,146,2026-09-04 00:38:07.243598,reported
875,37,11,140,2026-08-06 00:38:07.243598,reported
876,37,12,143,2026-08-14 00:38:07.243598,reported
877,37,13,148,2026-08-16 00:38:07.243598,reported
878,37,14,146,2026-08-13 00:38:07.243598,reported
879,37,15,155,2026-09-09 00:38:07.243598,reported
880,37,16,165,2026-09-04 00:38:07.243598,reported
881,37,17,149,2026-08-05 00:38:07.243598,reported
882,37,18,146,2026-08-24 00:38:07.243598,reported
883,37,19,156,2026-09-14 00:38:07.243598,reported
884,37,20,173,2026-09-20 00:38:07.243598,reported
885,37,21,176,2026-09-02 00:38:07.243598,reported
886,37,22,164,2026-08-12 00:38:07.243598,reported
887,37,23,189,2026-08-02 00:38:07.243598,reported
888,37,24,170,2026-08-12 00:38:07.243598,reported
889,38,1,217,2026-08-11 00:38:07.243598,reported
890,38,2,241,2026-08-29 00:38:07.243598,reported
891,38,3,246,2026-08-05 00:38:07.243598,reported
892,38,4,254,2026-09-08 00:38:07.243598,reported
893,38,5,222,2026-08-17 00:38:07.243598,reported
894,38,6,238,2026-08-16 00:38:07.243598,reported
895,38,7,255,2026-09-11 00:38:07.243598,reported
896,38,8,262,2026-08-12 00:38:07.243598,reported
897,38,9,253,2026-08-31 00:38:07.243598,reported
898,38,10,232,2026-08-24 00:38:07.243598,reported
899,38,11,267,2026-09-20 00:38:07.243598,reported
900,38,12,243,2026-08-18 00:38:07.243598,reported
901,38,13,248,2026-08-04 00:38:07.243598,reported
902,38,14,264,2026-08-12 00:38:07.243598,reported
903,38,15,267,2026-09-11 00:38:07.243598,reported
904,38,16,280,2026-08-28 00:38:07.243598,reported
905,38,17,276,2026-08-21 00:38:07.243598,reported
906,38,18,282,2026-08-01 00:38:07.243598,reported
907,38,19,288,2026-09-09 00:38:07.243598,reported
908,38,20,281,2026-08-22 00:38:07.243598,reported
909,38,21,292,2026-09-07 00:38:07.243598,reported
910,38,22,300,2026-08-24 00:38:07.243598,reported
911,38,23,292,2026-09-23 00:38:07.243598,reported
912,38,24,305,2026-09-13 00:38:07.243598,reported
913,39,1,188,2026-08-19 00:38:07.243598,reported
914,39,2,196,2026-09-05 00:38:07.243598,reported
915,39,3,192,2026-08-05 00:38:07.243598,reported
916,39,4,187,2026-08-11 00:38:07.243598,reported
917,39,5,192,2026-07-31 00:38:07.243598,reported
918,39,6,186,2026-08-15 00:38:07.243598,reported
919,39,7,184,2026-09-23 00:38:07.243598,reported
920,39,8,198,2026-08-01 00:38:07.243598,reported
921,39,9,213,2026-08-31 00:38:07.243598,reported
922,39,10,201,2026-08-15 00:38:07.243598,reported
923,39,11,194,2026-09-13 00:38:07.243598,reported
924,39,12,207,2026-09-02 00:38:07.243598,reported
925,39,13,214,2026-09-23 00:38:07.243598,reported
926,39,14,220,2026-09-22 00:38:07.243598,reported
927,39,15,223,2026-08-29 00:38:07.243598,reported
928,39,16,224,2026-09-15 00:38:07.243598,reported
929,39,17,218,2026-09-11 00:38:07.243598,reported
930,39,18,215,2026-09-14 00:38:07.243598,reported
931,39,19,227,2026-08-02 00:38:07.243598,reported
932,39,20,218,2026-08-15 00:38:07.243598,reported
933,39,21,219,2026-09-19 00:38:07.243598,reported
934,39,22,237,2026-08-03 00:38:07.243598,reported
935,39,23,240,2026-08-14 00:38:07.243598,reported
936,39,24,220,2026-09-08 00:38:07.243598,reported
937,40,1,101,2026-08-01 00:38:07.243598,reported
938,40,2,120,2026-08-26 00:38:07.243598,reported
939,40,3,119,2026-09-08 00:38:07.243598,reported
940,40,4,139,2026-08-19 00:38:07.243598,reported
941,40,5,131,2026-09-24 00:38:07.243598,reported
942,40,6,126,2026-08-05 00:38:07.243598,reported
943,40,7,135,2026-09-04 00:38:07.243598,reported
944,40,8,133,2026-08-14 00:38:07.243598,reported
945,40,9,132,2026-08-23 00:38:07.243598,reported
946,40,10,135,2026-09-24 00:38:07.243598,reported
947,40,11,135,2026-09-20 00:38:07.243598,reported
948,40,12,127,2026-08-29 00:38:07.243598,reported
949,40,13,136,2026-08-30 00:38:07.243598,reported
950,40,14,154,2026-09-18 00:38:07.243598,reported
951,40,15,137,2026-09-01 00:38:07.243598,reported
952,40,16,148,2026-09-22 00:38:07.243598,reported
953,40,17,146,2026-09-01 00:38:07.243598,reported
954,40,18,150,2026-08-27 00:38:07.243598,reported
955,40,19,152,2026-08-12 00:38:07.243598,reported
956,40,20,138,2026-09-16 00:38:07.243598,reported
957,40,21,162,2026-09-07 00:38:07.243598,reported
958,40,22,164,2026-08-03 00:38:07.243598,reported
959,40,23,158,2026-08-15 00:38:07.243598,reported
960,40,24,154,2026-09-17 00:38:07.243598,reported
961,41,1,192,2026-09-09 00:38:07.243598,reported
962,41,2,182,2026-09-04 00:38:07.243598,reported
963,41,3,169,2026-09-05 00:38:07.243598,reported
964,41,4,177,2026-09-24 00:38:07.243598,reported
965,41,5,198,2026-08-28 00:38:07.243598,reported
966,41,6,183,2026-08-07 00:38:07.243598,reported
967,41,7,185,2026-08-01 00:38:07.243598,reported
968,41,8,203,2026-09-04 00:38:07.243598,reported
969,41,9,193,2026-08-23 00:38:07.243598,reported
970,41,10,198,2026-09-22 00:38:07.243598,reported
971,41,11,211,2026-08-26 00:38:07.243598,reported
972,41,12,205,2026-09-22 00:38:07.243598,reported
973,41,13,196,2026-08-11 00:38:07.243598,reported
974,41,14,213,2026-09-22 00:38:07.243598,reported
975,41,15,226,2026-07-31 00:38:07.243598,reported
976,41,16,224,2026-08-27 00:38:07.243598,reported
977,41,17,227,2026-08-14 00:38:07.243598,reported
978,41,18,225,2026-09-07 00:38:07.243598,reported
979,41,19,224,2026-09-04 00:38:07.243598,reported
980,41,20,240,2026-08-10 00:38:07.243598,reported
981,41,21,235,2026-08-01 00:38:07.243598,reported
982,41,22,224,2026-08-12 00:38:07.243598,reported
983,41,23,258,2026-09-22 00:38:07.243598,reported
984,41,24,242,2026-08-21 00:38:07.243598,reported
985,42,1,113,2026-08-03 00:38:07.243598,reported
986,42,2,109,2026-09-07 00:38:07.243598,reported
987,42,3,114,2026-08-28 00:38:07.243598,reported
988,42,4,108,2026-09-09 00:38:07.243598,reported
989,42,5,102,2026-08-30 00:38:07.243598,reported
990,42,6,97,2026-08-15 00:38:07.243598,reported
991,42,7,118,2026-09-10 00:38:07.243598,reported
992,42,8,102,2026-08-29 00:38:07.243598,reported
993,42,9,108,2026-09-19 00:38:07.243598,reported
994,42,10,125,2026-08-23 00:38:07.243598,reported
995,42,11,115,2026-09-20 00:38:07.243598,reported
996,42,12,130,2026-07-31 00:38:07.243598,reported
997,42,13,101,2026-08-18 00:38:07.243598,reported
998,42,14,123,2026-09-18 00:38:07.243598,reported
999,42,15,128,2026-09-05 00:38:07.243598,reported
1000,42,16,127,2026-09-18 00:38:07.243598,reported
1001,42,17,129,2026-08-20 00:38:07.243598,reported
1002,42,18,137,2026-08-20 00:38:07.243598,reported
1003,42,19,133,2026-09-23 00:38:07.243598,reported
1004,42,20,125,2026-09-17 00:38:07.243598,reported
1005,42,21,125,2026-09-24 00:38:07.243598,reported
1006,42,22,139,2026-08-17 00:38:07.243598,reported
1007,42,23,133,2026-08-17 00:38:07.243598,reported
1008,42,24,135,2026-08-23 00:38:07.243598,reported
1009,43,1,131,2026-09-22 00:38:07.243598,reported
1010,43,2,148,2026-08-30 00:38:07.243598,reported
1011,43,3,159,2026-09-19 00:38:07.243598,reported
1012,43,4,149,2026-08-12 00:38:07.243598,reported
1013,43,5,143,2026-08-05 00:38:07.243598,reported
1014,43,6,160,2026-08-24 00:38:07.243598,reported
1015,43,7,153,2026-08-15 00:38:07.243598,reported
1016,43,8,154,2026-09-03 00:38:07.243598,reported
1017,43,9,153,2026-09-11 00:38:07.243598,reported
1018,43,10,167,2026-08-17 00:38:07.243598,reported
1019,43,11,163,2026-09-16 00:38:07.243598,reported
1020,43,12,171,2026-08-05 00:38:07.243598,reported
1021,43,13,161,2026-09-21 00:38:07.243598,reported
1022,43,14,183,2026-09-18 00:38:07.243598,reported
1023,43,15,159,2026-08-06 00:38:07.243598,reported
1024,43,16,179,2026-08-02 00:38:07.243598,reported
1025,43,17,167,2026-08-27 00:38:07.243598,reported
1026,43,18,182,2026-09-14 00:38:07.243598,reported
1027,43,19,169,2026-08-30 00:38:07.243598,reported
1028,43,20,188,2026-08-03 00:38:07.243598,reported
1029,43,21,187,2026-08-07 00:38:07.243598,reported
1030,43,22,192,2026-09-04 00:38:07.243598,reported
1031,43,23,186,2026-08-29 00:38:07.243598,reported
1032,43,24,196,2026-09-23 00:38:07.243598,reported
1033,44,1,238,2026-09-06 00:38:07.243598,reported
1034,44,2,239,2026-08-15 00:38:07.243598,reported
1035,44,3,222,2026-09-17 00:38:07.243598,reported
1036,44,4,238,2026-09-17 00:38:07.243598,reported
1037,44,5,242,2026-08-22 00:38:07.243598,reported
1038,44,6,237,2026-09-06 00:38:07.243598,reported
1039,44,7,240,2026-09-07 00:38:07.243598,reported
1040,44,8,246,2026-08-31 00:38:07.243598,reported
1041,44,9,260,2026-08-31 00:38:07.243598,reported
1042,44,10,254,2026-09-20 00:38:07.243598,reported
1043,44,11,262,2026-09-11 00:38:07.243598,reported
1044,44,12,257,2026-08-04 00:38:07.243598,reported
1045,44,13,267,2026-09-02 00:38:07.243598,reported
1046,44,14,275,2026-09-03 00:38:07.243598,reported
1047,44,15,263,2026-08-09 00:38:07.243598,reported
1048,44,16,275,2026-08-04 00:38:07.243598,reported
1049,44,17,278,2026-09-16 00:38:07.243598,reported
1050,44,18,279,2026-09-21 00:38:07.243598,reported
1051,44,19,277,2026-09-24 00:38:07.243598,reported
1052,44,20,284,2026-08-04 00:38:07.243598,reported
1053,44,21,276,2026-09-23 00:38:07.243598,reported
1054,44,22,286,2026-09-23 00:38:07.243598,reported
1055,44,23,295,2026-08-25 00:38:07.243598,reported
1056,44,24,309,2026-09-20 00:38:07.243598,reported
1057,45,1,123,2026-09-06 00:38:07.243598,reported
1058,45,2,141,2026-08-19 00:38:07.243598,reported
1059,45,3,140,2026-08-22 00:38:07.243598,reported
1060,45,4,139,2026-09-18 00:38:07.243598,reported
1061,45,5,143,2026-09-09 00:38:07.243598,reported
1062,45,6,139,2026-09-07 00:38:07.243598,reported
1063,45,7,134,2026-08-17 00:38:07.243598,reported
1064,45,8,139,2026-08-08 00:38:07.243598,reported
1065,45,9,131,2026-08-12 00:38:07.243598,reported
1066,45,10,129,2026-09-20 00:38:07.243598,reported
1067,45,11,149,2026-08-03 00:38:07.243598,reported
1068,45,12,145,2026-09-18 00:38:07.243598,reported
1069,45,13,151,2026-08-07 00:38:07.243598,reported
1070,45,14,160,2026-08-06 00:38:07.243598,reported
1071,45,15,147,2026-09-20 00:38:07.243598,reported
1072,45,16,162,2026-09-18 00:38:07.243598,reported
1073,45,17,164,2026-08-19 00:38:07.243598,reported
1074,45,18,151,2026-08-24 00:38:07.243598,reported
1075,45,19,157,2026-08-31 00:38:07.243598,reported
1076,45,20,162,2026-08-22 00:38:07.243598,reported
1077,45,21,164,2026-09-21 00:38:07.243598,reported
1078,45,22,169,2026-09-16 00:38:07.243598,reported
1079,45,23,191,2026-08-25 00:38:07.243598,reported
1080,45,24,167,2026-09-09 00:38:07.243598,reported
1081,46,1,174,2026-08-29 00:38:07.243598,reported
1082,46,2,178,2026-08-14 00:38:07.243598,reported
1083,46,3,172,2026-08-10 00:38:07.243598,reported
1084,46,4,181,2026-09-05 00:38:07.243598,reported
1085,46,5,193,2026-09-11 00:38:07.243598,reported
1086,46,6,175,2026-08-15 00:38:07.243598,reported
1087,46,7,187,2026-08-28 00:38:07.243598,reported
1088,46,8,203,2026-08-30 00:38:07.243598,reported
1089,46,9,180,2026-09-10 00:38:07.243598,reported
1090,46,10,194,2026-09-21 00:38:07.243598,reported
1091,46,11,189,2026-09-13 00:38:07.243598,reported
1092,46,12,192,2026-08-28 00:38:07.243598,reported
1093,46,13,203,2026-08-20 00:38:07.243598,reported
1094,46,14,195,2026-08-31 00:38:07.243598,reported
1095,46,15,202,2026-09-07 00:38:07.243598,reported
1096,46,16,202,2026-08-31 00:38:07.243598,reported
1097,46,17,207,2026-08-17 00:38:07.243598,reported
1098,46,18,206,2026-09-03 00:38:07.243598,reported
1099,46,19,213,2026-08-12 00:38:07.243598,reported
1100,46,20,213,2026-09-06 00:38:07.243598,reported
1101,46,21,214,2026-08-24 00:38:07.243598,reported
1102,46,22,234,2026-08-24 00:38:07.243598,reported
1103,46,23,239,2026-09-04 00:38:07.243598,reported
1104,46,24,226,2026-09-22 00:38:07.243598,reported
1105,47,1,120,2026-09-23 00:38:07.243598,reported
1106,47,2,115,2026-08-25 00:38:07.243598,reported
1107,47,3,124,2026-09-15 00:38:07.243598,reported
1108,47,4,133,2026-08-19 00:38:07.243598,reported
1109,47,5,142,2026-08-20 00:38:07.243598,reported
1110,47,6,138,2026-08-08 00:38:07.243598,reported
1111,47,7,138,2026-09-02 00:38:07.243598,reported
1112,47,8,140,2026-08-04 00:38:07.243598,reported
1113,47,9,127,2026-09-04 00:38:07.243598,reported
1114,47,10,140,2026-08-30 00:38:07.243598,reported
1115,47,11,130,2026-09-10 00:38:07.243598,reported
1116,47,12,139,2026-08-31 00:38:07.243598,reported
1117,47,13,143,2026-08-11 00:38:07.243598,reported
1118,47,14,135,2026-09-07 00:38:07.243598,reported
1119,47,15,131,2026-09-20 00:38:07.243598,reported
1120,47,16,154,2026-09-07 00:38:07.243598,reported
1121,47,17,136,2026-08-02 00:38:07.243598,reported
1122,47,18,147,2026-08-02 00:38:07.243598,reported
1123,47,19,162,2026-08-10 00:38:07.243598,reported
1124,47,20,152,2026-07-31 00:38:07.243598,reported
1125,47,21,162,2026-09-16 00:38:07.243598,reported
1126,47,22,171,2026-08-03 00:38:07.243598,reported
1127,47,23,161,2026-08-04 00:38:07.243598,reported
1128,47,24,146,2026-09-01 00:38:07.243598,reported
1129,48,1,120,2026-09-18 00:38:07.243598,reported
1130,48,2,137,2026-09-02 00:38:07.243598,reported
1131,48,3,120,2026-09-15 00:38:07.243598,reported
1132,48,4,121,2026-09-06 00:38:07.243598,reported
1133,48,5,139,2026-08-11 00:38:07.243598,reported
1134,48,6,148,2026-08-13 00:38:07.243598,reported
1135,48,7,131,2026-08-11 00:38:07.243598,reported
1136,48,8,128,2026-09-06 00:38:07.243598,reported
1137,48,9,134,2026-09-08 00:38:07.243598,reported
1138,48,10,142,2026-08-12 00:38:07.243598,reported
1139,48,11,120,2026-09-11 00:38:07.243598,reported
1140,48,12,137,2026-09-18 00:38:07.243598,reported
1141,48,13,145,2026-08-26 00:38:07.243598,reported
1142,48,14,137,2026-08-30 00:38:07.243598,reported
1143,48,15,137,2026-09-21 00:38:07.243598,reported
1144,48,16,151,2026-08-22 00:38:07.243598,reported
1145,48,17,142,2026-08-12 00:38:07.243598,reported
1146,48,18,142,2026-08-30 00:38:07.243598,reported
1147,48,19,146,2026-09-08 00:38:07.243598,reported
1148,48,20,161,2026-08-03 00:38:07.243598,reported
1149,48,21,149,2026-09-19 00:38:07.243598,reported
1150,48,22,151,2026-09-22 00:38:07.243598,reported
1151,48,23,143,2026-09-05 00:38:07.243598,reported
1152,48,24,158,2026-08-22 00:38:07.243598,reported
1153,49,1,181,2026-08-30 00:38:07.243598,reported
1154,49,2,163,2026-08-10 00:38:07.243598,reported
1155,49,3,161,2026-08-28 00:38:07.243598,reported
1156,49,4,193,2026-08-18 00:38:07.243598,reported
1157,49,5,187,2026-08-11 00:38:07.243598,reported
1158,49,6,184,2026-09-22 00:38:07.243598,reported
1159,49,7,182,2026-09-05 00:38:07.243598,reported
1160,49,8,184,2026-08-08 00:38:07.243598,reported
1161,49,9,181,2026-09-01 00:38:07.243598,reported
1162,49,10,198,2026-08-12 00:38:07.243598,reported
1163,49,11,191,2026-08-28 00:38:07.243598,reported
1164,49,12,201,2026-08-08 00:38:07.243598,reported
1165,49,13,194,2026-08-13 00:38:07.243598,reported
1166,49,14,200,2026-08-15 00:38:07.243598,reported
1167,49,15,213,2026-08-07 00:38:07.243598,reported
1168,49,16,209,2026-08-25 00:38:07.243598,reported
1169,49,17,198,2026-08-26 00:38:07.243598,reported
1170,49,18,212,2026-08-06 00:38:07.243598,reported
1171,49,19,205,2026-08-28 00:38:07.243598,reported
1172,49,20,216,2026-08-31 00:38:07.243598,reported
1173,49,21,226,2026-09-24 00:38:07.243598,reported
1174,49,22,224,2026-08-15 00:38:07.243598,reported
1175,49,23,232,2026-08-19 00:38:07.243598,reported
1176,49,24,222,2026-08-05 00:38:07.243598,reported
1177,50,1,181,2026-08-16 00:38:07.243598,reported
1178,50,2,169,2026-09-03 00:38:07.243598,reported
1179,50,3,165,2026-08-28 00:38:07.243598,reported
1180,50,4,181,2026-09-21 00:38:07.243598,reported
1181,50,5,160,2026-08-03 00:38:07.243598,reported
1182,50,6,185,2026-08-27 00:38:07.243598,reported
1183,50,7,203,2026-08-17 00:38:07.243598,reported
1184,50,8,212,2026-09-18 00:38:07.243598,reported
1185,50,9,211,2026-08-10 00:38:07.243598,reported
1186,50,10,185,2026-09-21 00:38:07.243598,reported
1187,50,11,194,2026-09-03 00:38:07.243598,reported
1188,50,12,184,2026-08-14 00:38:07.243598,reported
1189,50,13,214,2026-09-05 00:38:07.243598,reported
1190,50,14,202,2026-09-22 00:38:07.243598,reported
1191,50,15,213,2026-08-22 00:38:07.243598,reported
1192,50,16,205,2026-09-02 00:38:07.243598,reported
1193,50,17,231,2026-09-23 00:38:07.243598,reported
1194,50,18,217,2026-09-05 00:38:07.243598,reported
1195,50,19,219,2026-09-23 00:38:07.243598,reported
1196,50,20,211,2026-07-31 00:38:07.243598,reported
1197,50,21,220,2026-09-20 00:38:07.243598,reported
1198,50,22,222,2026-08-07 00:38:07.243598,reported
1199,50,23,227,2026-08-01 00:38:07.243598,reported
1200,50,24,229,2026-08-06 00:38:07.243598,reported
1201,51,1,148,2026-09-15 00:38:07.243598,reported
1202,51,2,143,2026-09-16 00:38:07.243598,reported
1203,51,3,147,2026-08-10 00:38:07.243598,reported
1204,51,4,149,2026-08-28 00:38:07.243598,reported
1205,51,5,150,2026-08-29 00:38:07.243598,reported
1206,51,6,155,2026-08-27 00:38:07.243598,reported
1207,51,7,158,2026-08-17 00:38:07.243598,reported
1208,51,8,160,2026-08-16 00:38:07.243598,reported
1209,51,9,161,2026-09-15 00:38:07.243598,reported
1210,51,10,164,2026-09-17 00:38:07.243598,reported
1211,51,11,175,2026-09-10 00:38:07.243598,reported
1212,51,12,172,2026-08-11 00:38:07.243598,reported
1213,51,13,158,2026-09-15 00:38:07.243598,reported
1214,51,14,158,2026-08-09 00:38:07.243598,reported
1215,51,15,169,2026-09-17 00:38:07.243598,reported
1216,51,16,161,2026-09-05 00:38:07.243598,reported
1217,51,17,185,2026-08-10 00:38:07.243598,reported
1218,51,18,187,2026-08-17 00:38:07.243598,reported
1219,51,19,181,2026-09-07 00:38:07.243598,reported
1220,51,20,192,2026-08-29 00:38:07.243598,reported
1221,51,21,172,2026-09-16 00:38:07.243598,reported
1222,51,22,199,2026-09-10 00:38:07.243598,reported
1223,51,23,194,2026-09-10 00:38:07.243598,reported
1224,51,24,205,2026-08-15 00:38:07.243598,reported
1225,52,1,138,2026-09-14 00:38:07.243598,reported
1226,52,2,147,2026-08-31 00:38:07.243598,reported
1227,52,3,151,2026-08-11 00:38:07.243598,reported
1228,52,4,161,2026-09-18 00:38:07.243598,reported
1229,52,5,149,2026-09-12 00:38:07.243598,reported
1230,52,6,164,2026-09-01 00:38:07.243598,reported
1231,52,7,155,2026-08-12 00:38:07.243598,reported
1232,52,8,164,2026-08-13 00:38:07.243598,reported
1233,52,9,154,2026-08-15 00:38:07.243598,reported
1234,52,10,172,2026-08-18 00:38:07.243598,reported
1235,52,11,165,2026-09-06 00:38:07.243598,reported
1236,52,12,168,2026-08-18 00:38:07.243598,reported
1237,52,13,169,2026-08-02 00:38:07.243598,reported
1238,52,14,187,2026-08-25 00:38:07.243598,reported
1239,52,15,158,2026-08-25 00:38:07.243598,reported
1240,52,16,157,2026-08-27 00:38:07.243598,reported
1241,52,17,168,2026-08-24 00:38:07.243598,reported
1242,52,18,196,2026-08-10 00:38:07.243598,reported
1243,52,19,173,2026-08-01 00:38:07.243598,reported
1244,52,20,178,2026-09-11 00:38:07.243598,reported
1245,52,21,187,2026-09-20 00:38:07.243598,reported
1246,52,22,183,2026-08-25 00:38:07.243598,reported
1247,52,23,200,2026-09-10 00:38:07.243598,reported
1248,52,24,199,2026-09-14 00:38:07.243598,reported
1249,53,1,228,2026-09-12 00:38:07.243598,reported
1250,53,2,215,2026-08-11 00:38:07.243598,reported
1251,53,3,239,2026-09-12 00:38:07.243598,reported
1252,53,4,219,2026-08-16 00:38:07.243598,reported
1253,53,5,230,2026-09-18 00:38:07.243598,reported
1254,53,6,228,2026-08-31 00:38:07.243598,reported
1255,53,7,233,2026-09-04 00:38:07.243598,reported
1256,53,8,232,2026-08-23 00:38:07.243598,reported
1257,53,9,262,2026-08-11 00:38:07.243598,reported
1258,53,10,240,2026-09-02 00:38:07.243598,reported
1259,53,11,256,2026-09-19 00:38:07.243598,reported
1260,53,12,263,2026-08-24 00:38:07.243598,reported
1261,53,13,268,2026-09-04 00:38:07.243598,reported
1262,53,14,260,2026-08-05 00:38:07.243598,reported
1263,53,15,278,2026-08-09 00:38:07.243598,reported
1264,53,16,281,2026-08-27 00:38:07.243598,reported
1265,53,17,278,2026-08-23 00:38:07.243598,reported
1266,53,18,272,2026-09-15 00:38:07.243598,reported
1267,53,19,272,2026-08-05 00:38:07.243598,reported
1268,53,20,297,2026-08-02 00:38:07.243598,reported
1269,53,21,290,2026-08-03 00:38:07.243598,reported
1270,53,22,292,2026-08-12 00:38:07.243598,reported
1271,53,23,292,2026-09-23 00:38:07.243598,reported
1272,53,24,303,2026-08-31 00:38:07.243598,reported
1273,54,1,206,2026-08-11 00:38:07.243598,reported
1274,54,2,211,2026-09-18 00:38:07.243598,reported
1275,54,3,214,2026-09-07 00:38:07.243598,reported
1276,54,4,223,2026-08-14 00:38:07.243598,reported
1277,54,5,222,2026-08-12 00:38:07.243598,reported
1278,54,6,228,2026-09-01 00:38:07.243598,reported
1279,54,7,237,2026-08-19 00:38:07.243598,reported
1280,54,8,248,2026-08-11 00:38:07.243598,reported
1281,54,9,229,2026-09-23 00:38:07.243598,reported
1282,54,10,248,2026-09-21 00:38:07.243598,reported
1283,54,11,236,2026-09-11 00:38:07.243598,reported
1284,54,12,252,2026-08-12 00:38:07.243598,reported
1285,54,13,250,2026-09-12 00:38:07.243598,reported
1286,54,14,256,2026-09-22 00:38:07.243598,reported
1287,54,15,253,2026-08-28 00:38:07.243598,reported
1288,54,16,265,2026-08-25 00:38:07.243598,reported
1289,54,17,267,2026-08-08 00:38:07.243598,reported
1290,54,18,284,2026-09-11 00:38:07.243598,reported
1291,54,19,282,2026-09-05 00:38:07.243598,reported
1292,54,20,281,2026-09-08 00:38:07.243598,reported
1293,54,21,267,2026-09-21 00:38:07.243598,reported
1294,54,22,299,2026-09-18 00:38:07.243598,reported
1295,54,23,289,2026-09-06 00:38:07.243598,reported
1296,54,24,293,2026-07-31 00:38:07.243598,reported
1297,55,1,174,2026-08-01 00:38:07.243598,reported
1298,55,2,163,2026-09-23 00:38:07.243598,reported
1299,55,3,181,2026-09-23 00:38:07.243598,reported
1300,55,4,170,2026-08-04 00:38:07.243598,reported
1301,55,5,203,2026-08-07 00:38:07.243598,reported
1302,55,6,182,2026-09-18 00:38:07.243598,reported
1303,55,7,186,2026-09-02 00:38:07.243598,reported
1304,55,8,173,2026-08-01 00:38:07.243598,reported
1305,55,9,182,2026-08-19 00:38:07.243598,reported
1306,55,10,193,2026-09-11 00:38:07.243598,reported
1307,55,11,193,2026-09-19 00:38:07.243598,reported
1308,55,12,183,2026-07-31 00:38:07.243598,reported
1309,55,13,198,2026-08-11 00:38:07.243598,reported
1310,55,14,192,2026-08-07 00:38:07.243598,reported
1311,55,15,215,2026-09-17 00:38:07.243598,reported
1312,55,16,210,2026-09-23 00:38:07.243598,reported
1313,55,17,202,2026-09-24 00:38:07.243598,reported
1314,55,18,204,2026-09-04 00:38:07.243598,reported
1315,55,19,202,2026-08-04 00:38:07.243598,reported
1316,55,20,196,2026-09-15 00:38:07.243598,reported
1317,55,21,210,2026-09-14 00:38:07.243598,reported
1318,55,22,217,2026-09-02 00:38:07.243598,reported
1319,55,23,231,2026-08-14 00:38:07.243598,reported
1320,55,24,229,2026-08-05 00:38:07.243598,reported
1321,56,1,102,2026-08-21 00:38:07.243598,reported
1322,56,2,102,2026-09-13 00:38:07.243598,reported
1323,56,3,87,2026-08-09 00:38:07.243598,reported
1324,56,4,99,2026-08-14 00:38:07.243598,reported
1325,56,5,102,2026-08-24 00:38:07.243598,reported
1326,56,6,80,2026-09-22 00:38:07.243598,reported
1327,56,7,95,2026-08-17 00:38:07.243598,reported
1328,56,8,103,2026-07-31 00:38:07.243598,reported
1329,56,9,94,2026-09-24 00:38:07.243598,reported
1330,56,10,96,2026-08-01 00:38:07.243598,reported
1331,56,11,116,2026-09-19 00:38:07.243598,reported
1332,56,12,111,2026-08-22 00:38:07.243598,reported
1333,56,13,87,2026-08-18 00:38:07.243598,reported
1334,56,14,109,2026-08-07 00:38:07.243598,reported
1335,56,15,107,2026-09-15 00:38:07.243598,reported
1336,56,16,115,2026-08-22 00:38:07.243598,reported
1337,56,17,100,2026-09-18 00:38:07.243598,reported
1338,56,18,113,2026-09-24 00:38:07.243598,reported
1339,56,19,116,2026-09-22 00:38:07.243598,reported
1340,56,20,121,2026-09-24 00:38:07.243598,reported
1341,56,21,103,2026-09-08 00:38:07.243598,reported
1342,56,22,98,2026-09-14 00:38:07.243598,reported
1343,56,23,130,2026-08-05 00:38:07.243598,reported
1344,56,24,104,2026-08-26 00:38:07.243598,reported
1345,57,1,159,2026-08-21 00:38:07.243598,reported
1346,57,2,181,2026-09-09 00:38:07.243598,reported
1347,57,3,183,2026-08-30 00:38:07.243598,reported
1348,57,4,189,2026-07-31 00:38:07.243598,reported
1349,57,5,178,2026-09-14 00:38:07.243598,reported
1350,57,6,184,2026-09-19 00:38:07.243598,reported
1351,57,7,181,2026-09-20 00:38:07.243598,reported
1352,57,8,195,2026-08-29 00:38:07.243598,reported
1353,57,9,191,2026-09-13 00:38:07.243598,reported
1354,57,10,187,2026-09-05 00:38:07.243598,reported
1355,57,11,196,2026-08-03 00:38:07.243598,reported
1356,57,12,202,2026-08-29 00:38:07.243598,reported
1357,57,13,194,2026-09-18 00:38:07.243598,reported
1358,57,14,213,2026-08-03 00:38:07.243598,reported
1359,57,15,197,2026-08-05 00:38:07.243598,reported
1360,57,16,203,2026-08-16 00:38:07.243598,reported
1361,57,17,206,2026-09-19 00:38:07.243598,reported
1362,57,18,214,2026-08-24 00:38:07.243598,reported
1363,57,19,225,2026-08-10 00:38:07.243598,reported
1364,57,20,216,2026-08-17 00:38:07.243598,reported
1365,57,21,228,2026-08-19 00:38:07.243598,reported
1366,57,22,215,2026-08-06 00:38:07.243598,reported
1367,57,23,227,2026-09-12 00:38:07.243598,reported
1368,57,24,242,2026-08-06 00:38:07.243598,reported
1369,58,1,165,2026-09-21 00:38:07.243598,reported
1370,58,2,160,2026-09-03 00:38:07.243598,reported
1371,58,3,161,2026-09-03 00:38:07.243598,reported
1372,58,4,154,2026-08-27 00:38:07.243598,reported
1373,58,5,178,2026-08-02 00:38:07.243598,reported
1374,58,6,168,2026-08-03 00:38:07.243598,reported
1375,58,7,183,2026-09-03 00:38:07.243598,reported
1376,58,8,182,2026-08-05 00:38:07.243598,reported
1377,58,9,195,2026-08-21 00:38:07.243598,reported
1378,58,10,181,2026-08-19 00:38:07.243598,reported
1379,58,11,170,2026-08-07 00:38:07.243598,reported
1380,58,12,190,2026-09-05 00:38:07.243598,reported
1381,58,13,188,2026-09-22 00:38:07.243598,reported
1382,58,14,200,2026-09-23 00:38:07.243598,reported
1383,58,15,199,2026-08-18 00:38:07.243598,reported
1384,58,16,202,2026-09-12 00:38:07.243598,reported
1385,58,17,199,2026-08-26 00:38:07.243598,reported
1386,58,18,202,2026-09-14 00:38:07.243598,reported
1387,58,19,198,2026-08-18 00:38:07.243598,reported
1388,58,20,216,2026-08-06 00:38:07.243598,reported
1389,58,21,229,2026-08-29 00:38:07.243598,reported
1390,58,22,228,2026-09-19 00:38:07.243598,reported
1391,58,23,220,2026-09-23 00:38:07.243598,reported
1392,58,24,217,2026-09-19 00:38:07.243598,reported
1393,59,1,113,2026-09-10 00:38:07.243598,reported
1394,59,2,121,2026-08-05 00:38:07.243598,reported
1395,59,3,116,2026-09-22 00:38:07.243598,reported
1396,59,4,112,2026-09-02 00:38:07.243598,reported
1397,59,5,136,2026-09-07 00:38:07.243598,reported
1398,59,6,130,2026-08-01 00:38:07.243598,reported
1399,59,7,137,2026-08-26 00:38:07.243598,reported
1400,59,8,138,2026-09-06 00:38:07.243598,reported
1401,59,9,126,2026-08-20 00:38:07.243598,reported
1402,59,10,128,2026-08-19 00:38:07.243598,reported
1403,59,11,137,2026-08-26 00:38:07.243598,reported
1404,59,12,142,2026-08-30 00:38:07.243598,reported
1405,59,13,132,2026-09-20 00:38:07.243598,reported
1406,59,14,143,2026-08-02 00:38:07.243598,reported
1407,59,15,140,2026-09-15 00:38:07.243598,reported
1408,59,16,139,2026-09-20 00:38:07.243598,reported
1409,59,17,158,2026-08-11 00:38:07.243598,reported
1410,59,18,152,2026-08-29 00:38:07.243598,reported
1411,59,19,145,2026-08-13 00:38:07.243598,reported
1412,59,20,152,2026-09-06 00:38:07.243598,reported
1413,59,21,153,2026-07-31 00:38:07.243598,reported
1414,59,22,143,2026-08-06 00:38:07.243598,reported
1415,59,23,148,2026-09-10 00:38:07.243598,reported
1416,59,24,153,2026-08-28 00:38:07.243598,reported
1417,60,1,142,2026-08-26 00:38:07.243598,reported
1418,60,2,158,2026-09-23 00:38:07.243598,reported
1419,60,3,150,2026-09-14 00:38:07.243598,reported
1420,60,4,136,2026-09-11 00:38:07.243598,reported
1421,60,5,138,2026-08-12 00:38:07.243598,reported
1422,60,6,155,2026-09-02 00:38:07.243598,reported
1423,60,7,144,2026-08-17 00:38:07.243598,reported
1424,60,8,156,2026-07-31 00:38:07.243598,reported
1425,60,9,149,2026-09-17 00:38:07.243598,reported
1426,60,10,155,2026-09-19 00:38:07.243598,reported
1427,60,11,156,2026-09-06 00:38:07.243598,reported
1428,60,12,166,2026-09-17 00:38:07.243598,reported
1429,60,13,154,2026-08-13 00:38:07.243598,reported
1430,60,14,168,2026-08-04 00:38:07.243598,reported
1431,60,15,163,2026-09-22 00:38:07.243598,reported
1432,60,16,166,2026-08-23 00:38:07.243598,reported
1433,60,17,168,2026-09-01 00:38:07.243598,reported
1434,60,18,173,2026-08-14 00:38:07.243598,reported
1435,60,19,167,2026-09-03 00:38:07.243598,reported
1436,60,20,196,2026-08-09 00:38:07.243598,reported
1437,60,21,187,2026-09-15 00:38:07.243598,reported
1438,60,22,183,2026-08-13 00:38:07.243598,reported
1439,60,23,184,2026-08-17 00:38:07.243598,reported
1440,60,24,173,2026-09-13 00:38:07.243598,reported
1441,61,1,232,2026-08-30 00:38:07.243598,reported
1442,61,2,210,2026-09-19 00:38:07.243598,reported
1443,61,3,206,2026-09-16 00:38:07.243598,reported
1444,61,4,243,2026-08-08 00:38:07.243598,reported
1445,61,5,238,2026-08-09 00:38:07.243598,reported
1446,61,6,223,2026-09-15 00:38:07.243598,reported
1447,61,7,237,2026-08-30 00:38:07.243598,reported
1448,61,8,239,2026-08-13 00:38:07.243598,reported
1449,61,9,244,2026-07-31 00:38:07.243598,reported
1450,61,10,250,2026-08-15 00:38:07.243598,reported
1451,61,11,243,2026-08-22 00:38:07.243598,reported
1452,61,12,252,2026-08-01 00:38:07.243598,reported
1453,61,13,236,2026-08-13 00:38:07.243598,reported
1454,61,14,267,2026-08-24 00:38:07.243598,reported
1455,61,15,256,2026-09-13 00:38:07.243598,reported
1456,61,16,267,2026-08-31 00:38:07.243598,reported
1457,61,17,252,2026-09-19 00:38:07.243598,reported
1458,61,18,276,2026-09-10 00:38:07.243598,reported
1459,61,19,283,2026-08-23 00:38:07.243598,reported
1460,61,20,264,2026-08-20 00:38:07.243598,reported
1461,61,21,258,2026-09-12 00:38:07.243598,reported
1462,61,22,287,2026-09-07 00:38:07.243598,reported
1463,61,23,291,2026-09-20 00:38:07.243598,reported
1464,61,24,296,2026-08-21 00:38:07.243598,reported
1465,62,1,213,2026-09-11 00:38:07.243598,reported
1466,62,2,225,2026-09-20 00:38:07.243598,reported
1467,62,3,225,2026-08-18 00:38:07.243598,reported
1468,62,4,217,2026-09-23 00:38:07.243598,reported
1469,62,5,258,2026-08-29 00:38:07.243598,reported
1470,62,6,235,2026-08-31 00:38:07.243598,reported
1471,62,7,231,2026-08-22 00:38:07.243598,reported
1472,62,8,242,2026-08-31 00:38:07.243598,reported
1473,62,9,253,2026-08-19 00:38:07.243598,reported
1474,62,10,244,2026-08-28 00:38:07.243598,reported
1475,62,11,243,2026-08-14 00:38:07.243598,reported
1476,62,12,257,2026-08-25 00:38:07.243598,reported
1477,62,13,248,2026-09-08 00:38:07.243598,reported
1478,62,14,246,2026-08-17 00:38:07.243598,reported
1479,62,15,271,2026-09-07 00:38:07.243598,reported
1480,62,16,266,2026-09-18 00:38:07.243598,reported
1481,62,17,271,2026-08-03 00:38:07.243598,reported
1482,62,18,280,2026-08-23 00:38:07.243598,reported
1483,62,19,274,2026-08-28 00:38:07.243598,reported
1484,62,20,267,2026-08-27 00:38:07.243598,reported
1485,62,21,285,2026-09-20 00:38:07.243598,reported
1486,62,22,280,2026-08-23 00:38:07.243598,reported
1487,62,23,287,2026-08-09 00:38:07.243598,reported
1488,62,24,295,2026-08-16 00:38:07.243598,reported
1489,63,1,224,2026-08-12 00:38:07.243598,reported
1490,63,2,244,2026-08-31 00:38:07.243598,reported
1491,63,3,238,2026-09-05 00:38:07.243598,reported
1492,63,4,241,2026-08-31 00:38:07.243598,reported
1493,63,5,268,2026-08-11 00:38:07.243598,reported
1494,63,6,255,2026-08-23 00:38:07.243598,reported
1495,63,7,251,2026-09-16 00:38:07.243598,reported
1496,63,8,260,2026-08-22 00:38:07.243598,reported
1497,63,9,265,2026-08-18 00:38:07.243598,reported
1498,63,10,263,2026-09-16 00:38:07.243598,reported
1499,63,11,257,2026-08-16 00:38:07.243598,reported
1500,63,12,279,2026-09-01 00:38:07.243598,reported
1501,63,13,267,2026-08-23 00:38:07.243598,reported
1502,63,14,267,2026-09-20 00:38:07.243598,reported
1503,63,15,287,2026-09-16 00:38:07.243598,reported
1504,63,16,283,2026-08-01 00:38:07.243598,reported
1505,63,17,281,2026-08-24 00:38:07.243598,reported
1506,63,18,292,2026-08-14 00:38:07.243598,reported
1507,63,19,289,2026-09-21 00:38:07.243598,reported
1508,63,20,292,2026-08-05 00:38:07.243598,reported
1509,63,21,300,2026-08-16 00:38:07.243598,reported
1510,63,22,292,2026-08-21 00:38:07.243598,reported
1511,63,23,315,2026-08-01 00:38:07.243598,reported
1512,63,24,316,2026-08-31 00:38:07.243598,reported
1513,64,1,137,2026-08-08 00:38:07.243598,reported
1514,64,2,148,2026-09-12 00:38:07.243598,reported
1515,64,3,140,2026-09-15 00:38:07.243598,reported
1516,64,4,148,2026-08-09 00:38:07.243598,reported
1517,64,5,158,2026-08-11 00:38:07.243598,reported
1518,64,6,167,2026-08-18 00:38:07.243598,reported
1519,64,7,168,2026-08-07 00:38:07.243598,reported
1520,64,8,165,2026-08-12 00:38:07.243598,reported
1521,64,9,162,2026-08-27 00:38:07.243598,reported
1522,64,10,166,2026-09-07 00:38:07.243598,reported
1523,64,11,157,2026-08-04 00:38:07.243598,reported
1524,64,12,174,2026-09-01 00:38:07.243598,reported
1525,64,13,176,2026-09-08 00:38:07.243598,reported
1526,64,14,179,2026-08-30 00:38:07.243598,reported
1527,64,15,183,2026-08-30 00:38:07.243598,reported
1528,64,16,177,2026-08-18 00:38:07.243598,reported
1529,64,17,171,2026-08-17 00:38:07.243598,reported
1530,64,18,182,2026-09-18 00:38:07.243598,reported
1531,64,19,177,2026-08-31 00:38:07.243598,reported
1532,64,20,182,2026-09-17 00:38:07.243598,reported
1533,64,21,192,2026-08-30 00:38:07.243598,reported
1534,64,22,187,2026-09-08 00:38:07.243598,reported
1535,64,23,203,2026-08-10 00:38:07.243598,reported
1536,64,24,183,2026-08-08 00:38:07.243598,reported
1537,65,1,165,2026-08-29 00:38:07.243598,reported
1538,65,2,150,2026-08-11 00:38:07.243598,reported
1539,65,3,180,2026-09-01 00:38:07.243598,reported
1540,65,4,170,2026-08-19 00:38:07.243598,reported
1541,65,5,171,2026-08-27 00:38:07.243598,reported
1542,65,6,179,2026-08-27 00:38:07.243598,reported
1543,65,7,170,2026-09-13 00:38:07.243598,reported
1544,65,8,181,2026-08-14 00:38:07.243598,reported
1545,65,9,183,2026-08-06 00:38:07.243598,reported
1546,65,10,191,2026-07-31 00:38:07.243598,reported
1547,65,11,191,2026-08-24 00:38:07.243598,reported
1548,65,12,184,2026-08-31 00:38:07.243598,reported
1549,65,13,194,2026-08-16 00:38:07.243598,reported
1550,65,14,199,2026-09-23 00:38:07.243598,reported
1551,65,15,189,2026-08-07 00:38:07.243598,reported
1552,65,16,189,2026-08-24 00:38:07.243598,reported
1553,65,17,210,2026-08-12 00:38:07.243598,reported
1554,65,18,207,2026-08-17 00:38:07.243598,reported
1555,65,19,206,2026-08-22 00:38:07.243598,reported
1556,65,20,216,2026-08-24 00:38:07.243598,reported
1557,65,21,213,2026-09-23 00:38:07.243598,reported
1558,65,22,205,2026-08-13 00:38:07.243598,reported
1559,65,23,203,2026-09-15 00:38:07.243598,reported
1560,65,24,207,2026-09-18 00:38:07.243598,reported
1561,66,1,89,2026-09-22 00:38:07.243598,reported
1562,66,2,76,2026-08-20 00:38:07.243598,reported
1563,66,3,77,2026-08-04 00:38:07.243598,reported
1564,66,4,92,2026-09-10 00:38:07.243598,reported
1565,66,5,98,2026-09-09 00:38:07.243598,reported
1566,66,6,81,2026-09-09 00:38:07.243598,reported
1567,66,7,89,2026-09-07 00:38:07.243598,reported
1568,66,8,95,2026-09-06 00:38:07.243598,reported
1569,66,9,103,2026-08-01 00:38:07.243598,reported
1570,66,10,96,2026-09-21 00:38:07.243598,reported
1571,66,11,93,2026-08-25 00:38:07.243598,reported
1572,66,12,96,2026-08-16 00:38:07.243598,reported
1573,66,13,106,2026-08-08 00:38:07.243598,reported
1574,66,14,108,2026-09-24 00:38:07.243598,reported
1575,66,15,104,2026-09-03 00:38:07.243598,reported
1576,66,16,102,2026-08-07 00:38:07.243598,reported
1577,66,17,106,2026-08-20 00:38:07.243598,reported
1578,66,18,98,2026-08-06 00:38:07.243598,reported
1579,66,19,114,2026-08-04 00:38:07.243598,reported
1580,66,20,113,2026-09-24 00:38:07.243598,reported
1581,66,21,118,2026-08-16 00:38:07.243598,reported
1582,66,22,115,2026-09-03 00:38:07.243598,reported
1583,66,23,106,2026-09-08 00:38:07.243598,reported
1584,66,24,112,2026-09-10 00:38:07.243598,reported
1585,67,1,173,2026-09-18 00:38:07.243598,reported
1586,67,2,163,2026-08-22 00:38:07.243598,reported
1587,67,3,183,2026-08-31 00:38:07.243598,reported
1588,67,4,168,2026-08-27 00:38:07.243598,reported
1589,67,5,168,2026-09-09 00:38:07.243598,reported
1590,67,6,171,2026-09-14 00:38:07.243598,reported
1591,67,7,164,2026-09-22 00:38:07.243598,reported
1592,67,8,194,2026-08-24 00:38:07.243598,reported
1593,67,9,188,2026-09-23 00:38:07.243598,reported
1594,67,10,186,2026-08-13 00:38:07.243598,reported
1595,67,11,185,2026-09-06 00:38:07.243598,reported
1596,67,12,177,2026-08-11 00:38:07.243598,reported
1597,67,13,195,2026-09-24 00:38:07.243598,reported
1598,67,14,186,2026-08-30 00:38:07.243598,reported
1599,67,15,198,2026-08-09 00:38:07.243598,reported
1600,67,16,211,2026-08-09 00:38:07.243598,reported
1601,67,17,216,2026-09-10 00:38:07.243598,reported
1602,67,18,207,2026-08-18 00:38:07.243598,reported
1603,67,19,213,2026-09-23 00:38:07.243598,reported
1604,67,20,215,2026-08-09 00:38:07.243598,reported
1605,67,21,214,2026-08-10 00:38:07.243598,reported
1606,67,22,218,2026-08-08 00:38:07.243598,reported
1607,67,23,222,2026-08-28 00:38:07.243598,reported
1608,67,24,216,2026-08-05 00:38:07.243598,reported
1609,68,1,173,2026-09-06 00:38:07.243598,reported
1610,68,2,192,2026-08-25 00:38:07.243598,reported
1611,68,3,195,2026-08-08 00:38:07.243598,reported
1612,68,4,182,2026-09-14 00:38:07.243598,reported
1613,68,5,211,2026-09-17 00:38:07.243598,reported
1614,68,6,212,2026-09-15 00:38:07.243598,reported
1615,68,7,204,2026-09-08 00:38:07.243598,reported
1616,68,8,215,2026-09-09 00:38:07.243598,reported
1617,68,9,201,2026-08-05 00:38:07.243598,reported
1618,68,10,212,2026-08-10 00:38:07.243598,reported
1619,68,11,199,2026-08-15 00:38:07.243598,reported
1620,68,12,218,2026-08-12 00:38:07.243598,reported
1621,68,13,218,2026-08-16 00:38:07.243598,reported
1622,68,14,216,2026-09-24 00:38:07.243598,reported
1623,68,15,236,2026-08-02 00:38:07.243598,reported
1624,68,16,228,2026-08-30 00:38:07.243598,reported
1625,68,17,224,2026-08-31 00:38:07.243598,reported
1626,68,18,229,2026-09-19 00:38:07.243598,reported
1627,68,19,246,2026-08-09 00:38:07.243598,reported
1628,68,20,245,2026-08-03 00:38:07.243598,reported
1629,68,21,231,2026-08-07 00:38:07.243598,reported
1630,68,22,260,2026-08-16 00:38:07.243598,reported
1631,68,23,254,2026-08-19 00:38:07.243598,reported
1632,68,24,243,2026-09-20 00:38:07.243598,reported
1633,69,1,145,2026-09-24 00:38:07.243598,reported
1634,69,2,148,2026-08-28 00:38:07.243598,reported
1635,69,3,167,2026-09-07 00:38:07.243598,reported
1636,69,4,152,2026-08-23 00:38:07.243598,reported
1637,69,5,162,2026-09-14 00:38:07.243598,reported
1638,69,6,147,2026-09-13 00:38:07.243598,reported
1639,69,7,163,2026-08-26 00:38:07.243598,reported
1640,69,8,164,2026-09-12 00:38:07.243598,reported
1641,69,9,173,2026-09-06 00:38:07.243598,reported
1642,69,10,167,2026-09-10 00:38:07.243598,reported
1643,69,11,171,2026-09-14 00:38:07.243598,reported
1644,69,12,194,2026-08-19 00:38:07.243598,reported
1645,69,13,186,2026-09-17 00:38:07.243598,reported
1646,69,14,187,2026-08-03 00:38:07.243598,reported
1647,69,15,175,2026-09-16 00:38:07.243598,reported
1648,69,16,189,2026-08-05 00:38:07.243598,reported
1649,69,17,185,2026-09-08 00:38:07.243598,reported
1650,69,18,204,2026-08-29 00:38:07.243598,reported
1651,69,19,179,2026-08-05 00:38:07.243598,reported
1652,69,20,205,2026-09-09 00:38:07.243598,reported
1653,69,21,185,2026-08-05 00:38:07.243598,reported
1654,69,22,201,2026-08-04 00:38:07.243598,reported
1655,69,23,184,2026-09-03 00:38:07.243598,reported
1656,69,24,202,2026-08-02 00:38:07.243598,reported
1657,70,1,101,2026-09-19 00:38:07.243598,reported
1658,70,2,91,2026-08-24 00:38:07.243598,reported
1659,70,3,93,2026-09-01 00:38:07.243598,reported
1660,70,4,95,2026-09-22 00:38:07.243598,reported
1661,70,5,91,2026-08-26 00:38:07.243598,reported
1662,70,6,116,2026-08-31 00:38:07.243598,reported
1663,70,7,100,2026-09-23 00:38:07.243598,reported
1664,70,8,109,2026-09-13 00:38:07.243598,reported
1665,70,9,95,2026-08-26 00:38:07.243598,reported
1666,70,10,114,2026-09-11 00:38:07.243598,reported
1667,70,11,118,2026-09-22 00:38:07.243598,reported
1668,70,12,106,2026-09-13 00:38:07.243598,reported
1669,70,13,112,2026-09-23 00:38:07.243598,reported
1670,70,14,128,2026-09-14 00:38:07.243598,reported
1671,70,15,111,2026-09-15 00:38:07.243598,reported
1672,70,16,116,2026-08-27 00:38:07.243598,reported
1673,70,17,122,2026-08-12 00:38:07.243598,reported
1674,70,18,115,2026-07-31 00:38:07.243598,reported
1675,70,19,111,2026-08-29 00:38:07.243598,reported
1676,70,20,119,2026-08-28 00:38:07.243598,reported
1677,70,21,125,2026-09-18 00:38:07.243598,reported
1678,70,22,133,2026-08-18 00:38:07.243598,reported
1679,70,23,124,2026-09-15 00:38:07.243598,reported
1680,70,24,116,2026-09-22 00:38:07.243598,reported
1681,71,1,93,2026-08-17 00:38:07.243598,reported
1682,71,2,127,2026-09-07 00:38:07.243598,reported
1683,71,3,124,2026-09-03 00:38:07.243598,reported
1684,71,4,108,2026-08-14 00:38:07.243598,reported
1685,71,5,108,2026-09-05 00:38:07.243598,reported
1686,71,6,124,2026-08-02 00:38:07.243598,reported
1687,71,7,114,2026-08-07 00:38:07.243598,reported
1688,71,8,115,2026-08-29 00:38:07.243598,reported
1689,71,9,122,2026-08-07 00:38:07.243598,reported
1690,71,10,112,2026-09-17 00:38:07.243598,reported
1691,71,11,131,2026-07-31 00:38:07.243598,reported
1692,71,12,132,2026-09-14 00:38:07.243598,reported
1693,71,13,126,2026-08-23 00:38:07.243598,reported
1694,71,14,127,2026-08-26 00:38:07.243598,reported
1695,71,15,145,2026-08-29 00:38:07.243598,reported
1696,71,16,138,2026-08-23 00:38:07.243598,reported
1697,71,17,142,2026-09-16 00:38:07.243598,reported
1698,71,18,152,2026-08-29 00:38:07.243598,reported
1699,71,19,137,2026-09-18 00:38:07.243598,reported
1700,71,20,151,2026-08-29 00:38:07.243598,reported
1701,71,21,156,2026-08-23 00:38:07.243598,reported
1702,71,22,152,2026-09-09 00:38:07.243598,reported
1703,71,23,141,2026-08-02 00:38:07.243598,reported
1704,71,24,140,2026-09-07 00:38:07.243598,reported
1705,72,1,115,2026-08-08 00:38:07.243598,reported
1706,72,2,136,2026-08-03 00:38:07.243598,reported
1707,72,3,121,2026-08-24 00:38:07.243598,reported
1708,72,4,138,2026-09-12 00:38:07.243598,reported
1709,72,5,126,2026-08-25 00:38:07.243598,reported
1710,72,6,129,2026-08-23 00:38:07.243598,reported
1711,72,7,131,2026-09-09 00:38:07.243598,reported
1712,72,8,155,2026-09-11 00:38:07.243598,reported
1713,72,9,136,2026-09-05 00:38:07.243598,reported
1714,72,10,117,2026-08-28 00:38:07.243598,reported
1715,72,11,146,2026-08-02 00:38:07.243598,reported
1716,72,12,138,2026-08-18 00:38:07.243598,reported
1717,72,13,151,2026-08-27 00:38:07.243598,reported
1718,72,14,146,2026-09-13 00:38:07.243598,reported
1719,72,15,149,2026-08-27 00:38:07.243598,reported
1720,72,16,144,2026-09-06 00:38:07.243598,reported
1721,72,17,151,2026-07-31 00:38:07.243598,reported
1722,72,18,155,2026-09-24 00:38:07.243598,reported
1723,72,19,139,2026-08-29 00:38:07.243598,reported
1724,72,20,144,2026-08-28 00:38:07.243598,reported
1725,72,21,162,2026-09-19 00:38:07.243598,reported
1726,72,22,173,2026-09-10 00:38:07.243598,reported
1727,72,23,158,2026-09-09 00:38:07.243598,reported
1728,72,24,160,2026-09-10 00:38:07.243598,reported
1729,73,1,101,2026-08-05 00:38:07.243598,reported
1730,73,2,94,2026-08-18 00:38:07.243598,reported
1731,73,3,83,2026-08-08 00:38:07.243598,reported
1732,73,4,90,2026-08-26 00:38:07.243598,reported
1733,73,5,91,2026-08-03 00:38:07.243598,reported
1734,73,6,102,2026-08-11 00:38:07.243598,reported
1735,73,7,98,2026-09-16 00:38:07.243598,reported
1736,73,8,100,2026-08-21 00:38:07.243598,reported
1737,73,9,108,2026-08-20 00:38:07.243598,reported
1738,73,10,101,2026-08-23 00:38:07.243598,reported
1739,73,11,101,2026-09-21 00:38:07.243598,reported
1740,73,12,100,2026-08-11 00:38:07.243598,reported
1741,73,13,102,2026-09-21 00:38:07.243598,reported
1742,73,14,111,2026-08-23 00:38:07.243598,reported
1743,73,15,117,2026-09-06 00:38:07.243598,reported
1744,73,16,110,2026-09-21 00:38:07.243598,reported
1745,73,17,112,2026-09-12 00:38:07.243598,reported
1746,73,18,126,2026-09-05 00:38:07.243598,reported
1747,73,19,115,2026-08-30 00:38:07.243598,reported
1748,73,20,128,2026-08-28 00:38:07.243598,reported
1749,73,21,119,2026-08-27 00:38:07.243598,reported
1750,73,22,110,2026-09-06 00:38:07.243598,reported
1751,73,23,115,2026-07-31 00:38:07.243598,reported
1752,73,24,120,2026-08-23 00:38:07.243598,reported
1753,74,1,102,2026-09-02 00:38:07.243598,reported
1754,74,2,120,2026-09-02 00:38:07.243598,reported
1755,74,3,107,2026-09-05 00:38:07.243598,reported
1756,74,4,105,2026-09-21 00:38:07.243598,reported
1757,74,5,118,2026-09-15 00:38:07.243598,reported
1758,74,6,121,2026-08-09 00:38:07.243598,reported
1759,74,7,114,2026-08-06 00:38:07.243598,reported
1760,74,8,124,2026-09-10 00:38:07.243598,reported
1761,74,9,124,2026-09-22 00:38:07.243598,reported
1762,74,10,126,2026-09-09 00:38:07.243598,reported
1763,74,11,123,2026-09-22 00:38:07.243598,reported
1764,74,12,114,2026-08-24 00:38:07.243598,reported
1765,74,13,115,2026-09-19 00:38:07.243598,reported
1766,74,14,135,2026-08-23 00:38:07.243598,reported
1767,74,15,133,2026-08-13 00:38:07.243598,reported
1768,74,16,127,2026-08-27 00:38:07.243598,reported
1769,74,17,140,2026-07-31 00:38:07.243598,reported
1770,74,18,124,2026-08-23 00:38:07.243598,reported
1771,74,19,131,2026-08-30 00:38:07.243598,reported
1772,74,20,143,2026-08-01 00:38:07.243598,reported
1773,74,21,141,2026-08-18 00:38:07.243598,reported
1774,74,22,153,2026-09-16 00:38:07.243598,reported
1775,74,23,138,2026-09-04 00:38:07.243598,reported
1776,74,24,140,2026-08-07 00:38:07.243598,reported
1777,75,1,152,2026-08-06 00:38:07.243598,reported
1778,75,2,149,2026-08-08 00:38:07.243598,reported
1779,75,3,159,2026-08-14 00:38:07.243598,reported
1780,75,4,163,2026-09-05 00:38:07.243598,reported
1781,75,5,151,2026-09-21 00:38:07.243598,reported
1782,75,6,158,2026-08-25 00:38:07.243598,reported
1783,75,7,172,2026-08-15 00:38:07.243598,reported
1784,75,8,169,2026-08-14 00:38:07.243598,reported
1785,75,9,157,2026-09-13 00:38:07.243598,reported
1786,75,10,175,2026-09-08 00:38:07.243598,reported
1787,75,11,173,2026-08-26 00:38:07.243598,reported
1788,75,12,182,2026-08-04 00:38:07.243598,reported
1789,75,13,178,2026-08-09 00:38:07.243598,reported
1790,75,14,179,2026-08-19 00:38:07.243598,reported
1791,75,15,183,2026-08-19 00:38:07.243598,reported
1792,75,16,188,2026-08-22 00:38:07.243598,reported
1793,75,17,180,2026-08-25 00:38:07.243598,reported
1794,75,18,182,2026-08-15 00:38:07.243598,reported
1795,75,19,182,2026-08-21 00:38:07.243598,reported
1796,75,20,199,2026-09-15 00:38:07.243598,reported
1797,75,21,194,2026-09-01 00:38:07.243598,reported
1798,75,22,194,2026-09-11 00:38:07.243598,reported
1799,75,23,198,2026-09-17 00:38:07.243598,reported
1800,75,24,197,2026-08-10 00:38:07.243598,reported
1801,76,1,216,2026-08-19 00:38:07.243598,reported
1802,76,2,222,2026-09-20 00:38:07.243598,reported
1803,76,3,219,2026-09-15 00:38:07.243598,reported
1804,76,4,232,2026-08-31 00:38:07.243598,reported
1805,76,5,242,2026-08-20 00:38:07.243598,reported
1806,76,6,245,2026-08-29 00:38:07.243598,reported
1807,76,7,249,2026-08-17 00:38:07.243598,reported
1808,76,8,254,2026-08-10 00:38:07.243598,reported
1809,76,9,250,2026-08-20 00:38:07.243598,reported
1810,76,10,251,2026-08-08 00:38:07.243598,reported
1811,76,11,248,2026-09-01 00:38:07.243598,reported
1812,76,12,254,2026-09-11 00:38:07.243598,reported
1813,76,13,259,2026-09-14 00:38:07.243598,reported
1814,76,14,273,2026-08-21 00:38:07.243598,reported
1815,76,15,269,2026-09-12 00:38:07.243598,reported
1816,76,16,266,2026-08-09 00:38:07.243598,reported
1817,76,17,271,2026-08-03 00:38:07.243598,reported
1818,76,18,281,2026-08-18 00:38:07.243598,reported
1819,76,19,275,2026-08-25 00:38:07.243598,reported
1820,76,20,305,2026-08-21 00:38:07.243598,reported
1821,76,21,301,2026-09-07 00:38:07.243598,reported
1822,76,22,281,2026-08-01 00:38:07.243598,reported
1823,76,23,287,2026-09-14 00:38:07.243598,reported
1824,76,24,297,2026-09-14 00:38:07.243598,reported
1825,77,1,111,2026-09-08 00:38:07.243598,reported
1826,77,2,120,2026-08-08 00:38:07.243598,reported
1827,77,3,126,2026-09-15 00:38:07.243598,reported
1828,77,4,129,2026-09-02 00:38:07.243598,reported
1829,77,5,148,2026-09-18 00:38:07.243598,reported
1830,77,6,131,2026-09-22 00:38:07.243598,reported
1831,77,7,152,2026-09-09 00:38:07.243598,reported
1832,77,8,129,2026-09-22 00:38:07.243598,reported
1833,77,9,140,2026-09-21 00:38:07.243598,reported
1834,77,10,137,2026-09-08 00:38:07.243598,reported
1835,77,11,140,2026-09-04 00:38:07.243598,reported
1836,77,12,133,2026-08-15 00:38:07.243598,reported
1837,77,13,144,2026-08-18 00:38:07.243598,reported
1838,77,14,159,2026-08-10 00:38:07.243598,reported
1839,77,15,155,2026-09-23 00:38:07.243598,reported
1840,77,16,154,2026-08-07 00:38:07.243598,reported
1841,77,17,142,2026-09-09 00:38:07.243598,reported
1842,77,18,152,2026-08-02 00:38:07.243598,reported
1843,77,19,169,2026-08-18 00:38:07.243598,reported
1844,77,20,152,2026-09-19 00:38:07.243598,reported
1845,77,21,154,2026-09-23 00:38:07.243598,reported
1846,77,22,169,2026-08-02 00:38:07.243598,reported
1847,77,23,167,2026-08-04 00:38:07.243598,reported
1848,77,24,164,2026-08-19 00:38:07.243598,reported
1849,78,1,191,2026-08-04 00:38:07.243598,reported
1850,78,2,209,2026-09-21 00:38:07.243598,reported
1851,78,3,208,2026-09-23 00:38:07.243598,reported
1852,78,4,211,2026-08-25 00:38:07.243598,reported
1853,78,5,211,2026-08-22 00:38:07.243598,reported
1854,78,6,207,2026-08-27 00:38:07.243598,reported
1855,78,7,212,2026-08-09 00:38:07.243598,reported
1856,78,8,235,2026-09-05 00:38:07.243598,reported
1857,78,9,216,2026-08-03 00:38:07.243598,reported
1858,78,10,221,2026-08-13 00:38:07.243598,reported
1859,78,11,228,2026-08-27 00:38:07.243598,reported
1860,78,12,249,2026-08-16 00:38:07.243598,reported
1861,78,13,223,2026-08-10 00:38:07.243598,reported
1862,78,14,241,2026-09-19 00:38:07.243598,reported
1863,78,15,241,2026-09-21 00:38:07.243598,reported
1864,78,16,244,2026-09-15 00:38:07.243598,reported
1865,78,17,252,2026-09-04 00:38:07.243598,reported
1866,78,18,252,2026-08-17 00:38:07.243598,reported
1867,78,19,256,2026-09-02 00:38:07.243598,reported
1868,78,20,264,2026-09-03 00:38:07.243598,reported
1869,78,21,255,2026-08-07 00:38:07.243598,reported
1870,78,22,265,2026-08-20 00:38:07.243598,reported
1871,78,23,258,2026-09-14 00:38:07.243598,reported
1872,78,24,270,2026-09-08 00:38:07.243598,reported
1873,79,1,194,2026-08-15 00:38:07.243598,reported
1874,79,2,209,2026-09-14 00:38:07.243598,reported
1875,79,3,203,2026-09-24 00:38:07.243598,reported
1876,79,4,209,2026-08-03 00:38:07.243598,reported
1877,79,5,210,2026-08-01 00:38:07.243598,reported
1878,79,6,200,2026-08-21 00:38:07.243598,reported
1879,79,7,212,2026-08-31 00:38:07.243598,reported
1880,79,8,210,2026-08-02 00:38:07.243598,reported
1881,79,9,211,2026-08-21 00:38:07.243598,reported
1882,79,10,229,2026-08-14 00:38:07.243598,reported
1883,79,11,239,2026-08-04 00:38:07.243598,reported
1884,79,12,227,2026-09-07 00:38:07.243598,reported
1885,79,13,229,2026-08-22 00:38:07.243598,reported
1886,79,14,235,2026-08-11 00:38:07.243598,reported
1887,79,15,246,2026-09-11 00:38:07.243598,reported
1888,79,16,236,2026-08-10 00:38:07.243598,reported
1889,79,17,248,2026-08-27 00:38:07.243598,reported
1890,79,18,257,2026-09-11 00:38:07.243598,reported
1891,79,19,243,2026-08-07 00:38:07.243598,reported
1892,79,20,247,2026-09-09 00:38:07.243598,reported
1893,79,21,262,2026-08-07 00:38:07.243598,reported
1894,79,22,245,2026-08-25 00:38:07.243598,reported
1895,79,23,277,2026-08-30 00:38:07.243598,reported
1896,79,24,271,2026-08-03 00:38:07.243598,reported
1897,80,1,142,2026-09-02 00:38:07.243598,reported
1898,80,2,151,2026-08-23 00:38:07.243598,reported
1899,80,3,143,2026-08-13 00:38:07.243598,reported
1900,80,4,160,2026-08-31 00:38:07.243598,reported
1901,80,5,152,2026-08-07 00:38:07.243598,reported
1902,80,6,159,2026-09-03 00:38:07.243598,reported
1903,80,7,167,2026-09-05 00:38:07.243598,reported
1904,80,8,149,2026-09-21 00:38:07.243598,reported
1905,80,9,158,2026-09-10 00:38:07.243598,reported
1906,80,10,172,2026-09-08 00:38:07.243598,reported
1907,80,11,179,2026-09-04 00:38:07.243598,reported
1908,80,12,153,2026-08-17 00:38:07.243598,reported
1909,80,13,174,2026-09-05 00:38:07.243598,reported
1910,80,14,169,2026-09-02 00:38:07.243598,reported
1911,80,15,176,2026-08-10 00:38:07.243598,reported
1912,80,16,168,2026-09-21 00:38:07.243598,reported
1913,80,17,191,2026-09-12 00:38:07.243598,reported
1914,80,18,187,2026-09-22 00:38:07.243598,reported
1915,80,19,193,2026-08-26 00:38:07.243598,reported
1916,80,20,183,2026-09-20 00:38:07.243598,reported
1917,80,21,191,2026-08-10 00:38:07.243598,reported
1918,80,22,185,2026-08-22 00:38:07.243598,reported
1919,80,23,198,2026-09-01 00:38:07.243598,reported
1920,80,24,204,2026-08-27 00:38:07.243598,reported
1921,81,1,148,2026-08-11 00:38:07.243598,reported
1922,81,2,147,2026-08-28 00:38:07.243598,reported
1923,81,3,151,2026-09-19 00:38:07.243598,reported
1924,81,4,145,2026-08-04 00:38:07.243598,reported
1925,81,5,139,2026-08-23 00:38:07.243598,reported
1926,81,6,173,2026-08-16 00:38:07.243598,reported
1927,81,7,166,2026-09-17 00:38:07.243598,reported
1928,81,8,158,2026-08-08 00:38:07.243598,reported
1929,81,9,157,2026-08-19 00:38:07.243598,reported
1930,81,10,149,2026-08-17 00:38:07.243598,reported
1931,81,11,169,2026-09-02 00:38:07.243598,reported
1932,81,12,167,2026-09-10 00:38:07.243598,reported
1933,81,13,160,2026-09-22 00:38:07.243598,reported
1934,81,14,173,2026-08-20 00:38:07.243598,reported
1935,81,15,187,2026-08-17 00:38:07.243598,reported
1936,81,16,172,2026-08-18 00:38:07.243598,reported
1937,81,17,177,2026-09-22 00:38:07.243598,reported
1938,81,18,178,2026-08-28 00:38:07.243598,reported
1939,81,19,178,2026-08-23 00:38:07.243598,reported
1940,81,20,190,2026-08-18 00:38:07.243598,reported
1941,81,21,193,2026-08-20 00:38:07.243598,reported
1942,81,22,187,2026-08-05 00:38:07.243598,reported
1943,81,23,202,2026-08-26 00:38:07.243598,reported
1944,81,24,199,2026-09-17 00:38:07.243598,reported
1945,82,1,224,2026-09-17 00:38:07.243598,reported
1946,82,2,222,2026-08-08 00:38:07.243598,reported
1947,82,3,241,2026-08-17 00:38:07.243598,reported
1948,82,4,224,2026-08-21 00:38:07.243598,reported
1949,82,5,241,2026-08-17 00:38:07.243598,reported
1950,82,6,225,2026-09-06 00:38:07.243598,reported
1951,82,7,242,2026-08-18 00:38:07.243598,reported
1952,82,8,243,2026-08-24 00:38:07.243598,reported
1953,82,9,262,2026-08-06 00:38:07.243598,reported
1954,82,10,266,2026-09-09 00:38:07.243598,reported
1955,82,11,269,2026-08-07 00:38:07.243598,reported
1956,82,12,262,2026-08-01 00:38:07.243598,reported
1957,82,13,263,2026-08-27 00:38:07.243598,reported
1958,82,14,267,2026-08-31 00:38:07.243598,reported
1959,82,15,259,2026-08-07 00:38:07.243598,reported
1960,82,16,278,2026-07-31 00:38:07.243598,reported
1961,82,17,277,2026-08-21 00:38:07.243598,reported
1962,82,18,283,2026-08-25 00:38:07.243598,reported
1963,82,19,279,2026-08-17 00:38:07.243598,reported
1964,82,20,295,2026-09-18 00:38:07.243598,reported
1965,82,21,293,2026-09-06 00:38:07.243598,reported
1966,82,22,302,2026-08-18 00:38:07.243598,reported
1967,82,23,304,2026-08-27 00:38:07.243598,reported
1968,82,24,300,2026-07-31 00:38:07.243598,reported
1969,83,1,110,2026-08-12 00:38:07.243598,reported
1970,83,2,101,2026-09-17 00:38:07.243598,reported
1971,83,3,114,2026-08-24 00:38:07.243598,reported
1972,83,4,115,2026-08-07 00:38:07.243598,reported
1973,83,5,119,2026-08-31 00:38:07.243598,reported
1974,83,6,114,2026-08-16 00:38:07.243598,reported
1975,83,7,119,2026-08-22 00:38:07.243598,reported
1976,83,8,118,2026-08-26 00:38:07.243598,reported
1977,83,9,110,2026-08-23 00:38:07.243598,reported
1978,83,10,116,2026-08-11 00:38:07.243598,reported
1979,83,11,125,2026-09-22 00:38:07.243598,reported
1980,83,12,126,2026-08-03 00:38:07.243598,reported
1981,83,13,139,2026-08-09 00:38:07.243598,reported
1982,83,14,137,2026-08-09 00:38:07.243598,reported
1983,83,15,134,2026-08-28 00:38:07.243598,reported
1984,83,16,137,2026-09-01 00:38:07.243598,reported
1985,83,17,144,2026-09-24 00:38:07.243598,reported
1986,83,18,131,2026-07-31 00:38:07.243598,reported
1987,83,19,139,2026-08-06 00:38:07.243598,reported
1988,83,20,151,2026-08-01 00:38:07.243598,reported
1989,83,21,139,2026-09-14 00:38:07.243598,reported
1990,83,22,144,2026-09-21 00:38:07.243598,reported
1991,83,23,157,2026-09-10 00:38:07.243598,reported
1992,83,24,157,2026-08-05 00:38:07.243598,reported
1993,84,1,205,2026-08-29 00:38:07.243598,reported
1994,84,2,200,2026-08-07 00:38:07.243598,reported
1995,84,3,222,2026-09-09 00:38:07.243598,reported
1996,84,4,190,2026-09-23 00:38:07.243598,reported
1997,84,5,218,2026-09-06 00:38:07.243598,reported
1998,84,6,213,2026-08-22 00:38:07.243598,reported
1999,84,7,206,2026-08-20 00:38:07.243598,reported
2000,84,8,228,2026-08-30 00:38:07.243598,reported
2001,84,9,208,2026-08-08 00:38:07.243598,reported
2002,84,10,236,2026-08-12 00:38:07.243598,reported
2003,84,11,244,2026-08-28 00:38:07.243598,reported
2004,84,12,236,2026-08-26 00:38:07.243598,reported
2005,84,13,224,2026-09-03 00:38:07.243598,reported
2006,84,14,215,2026-09-12 00:38:07.243598,reported
2007,84,15,248,2026-09-06 00:38:07.243598,reported
2008,84,16,240,2026-08-16 00:38:07.243598,reported
2009,84,17,235,2026-08-04 00:38:07.243598,reported
2010,84,18,245,2026-08-13 00:38:07.243598,reported
2011,84,19,270,2026-09-16 00:38:07.243598,reported
2012,84,20,259,2026-08-06 00:38:07.243598,reported
2013,84,21,262,2026-08-11 00:38:07.243598,reported
2014,84,22,256,2026-09-14 00:38:07.243598,reported
2015,84,23,260,2026-08-03 00:38:07.243598,reported
2016,84,24,272,2026-09-17 00:38:07.243598,reported
2017,85,1,141,2026-08-03 00:38:07.243598,reported
2018,85,2,140,2026-08-12 00:38:07.243598,reported
2019,85,3,152,2026-08-21 00:38:07.243598,reported
2020,85,4,152,2026-08-16 00:38:07.243598,reported
2021,85,5,161,2026-09-10 00:38:07.243598,reported
2022,85,6,149,2026-08-24 00:38:07.243598,reported
2023,85,7,139,2026-08-13 00:38:07.243598,reported
2024,85,8,144,2026-08-26 00:38:07.243598,reported
2025,85,9,164,2026-08-20 00:38:07.243598,reported
2026,85,10,167,2026-08-06 00:38:07.243598,reported
2027,85,11,158,2026-08-22 00:38:07.243598,reported
2028,85,12,172,2026-08-15 00:38:07.243598,reported
2029,85,13,170,2026-08-01 00:38:07.243598,reported
2030,85,14,157,2026-08-25 00:38:07.243598,reported
2031,85,15,174,2026-09-20 00:38:07.243598,reported
2032,85,16,183,2026-08-22 00:38:07.243598,reported
2033,85,17,170,2026-09-04 00:38:07.243598,reported
2034,85,18,185,2026-08-29 00:38:07.243598,reported
2035,85,19,173,2026-08-14 00:38:07.243598,reported
2036,85,20,182,2026-08-01 00:38:07.243598,reported
2037,85,21,184,2026-08-10 00:38:07.243598,reported
2038,85,22,189,2026-08-31 00:38:07.243598,reported
2039,85,23,194,2026-08-19 00:38:07.243598,reported
2040,85,24,200,2026-09-20 00:38:07.243598,reported
2041,86,1,137,2026-09-13 00:38:07.243598,reported
2042,86,2,135,2026-09-07 00:38:07.243598,reported
2043,86,3,127,2026-08-11 00:38:07.243598,reported
2044,86,4,154,2026-08-10 00:38:07.243598,reported
2045,86,5,136,2026-09-20 00:38:07.243598,reported
2046,86,6,146,2026-09-07 00:38:07.243598,reported
2047,86,7,136,2026-08-13 00:38:07.243598,reported
2048,86,8,135,2026-09-14 00:38:07.243598,reported
2049,86,9,152,2026-08-22 00:38:07.243598,reported
2050,86,10,148,2026-08-01 00:38:07.243598,reported
2051,86,11,161,2026-09-12 00:38:07.243598,reported
2052,86,12,151,2026-08-19 00:38:07.243598,reported
2053,86,13,143,2026-09-20 00:38:07.243598,reported
2054,86,14,160,2026-08-03 00:38:07.243598,reported
2055,86,15,174,2026-09-06 00:38:07.243598,reported
2056,86,16,154,2026-09-12 00:38:07.243598,reported
2057,86,17,170,2026-07-31 00:38:07.243598,reported
2058,86,18,164,2026-08-12 00:38:07.243598,reported
2059,86,19,165,2026-08-28 00:38:07.243598,reported
2060,86,20,182,2026-09-07 00:38:07.243598,reported
2061,86,21,173,2026-08-28 00:38:07.243598,reported
2062,86,22,170,2026-08-14 00:38:07.243598,reported
2063,86,23,166,2026-08-23 00:38:07.243598,reported
2064,86,24,180,2026-08-24 00:38:07.243598,reported
2065,87,1,177,2026-08-31 00:38:07.243598,reported
2066,87,2,188,2026-08-14 00:38:07.243598,reported
2067,87,3,174,2026-09-23 00:38:07.243598,reported
2068,87,4,191,2026-08-18 00:38:07.243598,reported
2069,87,5,186,2026-08-10 00:38:07.243598,reported
2070,87,6,177,2026-08-27 00:38:07.243598,reported
2071,87,7,196,2026-09-21 00:38:07.243598,reported
2072,87,8,190,2026-09-24 00:38:07.243598,reported
2073,87,9,198,2026-08-13 00:38:07.243598,reported
2074,87,10,194,2026-08-01 00:38:07.243598,reported
2075,87,11,198,2026-08-25 00:38:07.243598,reported
2076,87,12,187,2026-08-06 00:38:07.243598,reported
2077,87,13,218,2026-09-01 00:38:07.243598,reported
2078,87,14,207,2026-08-18 00:38:07.243598,reported
2079,87,15,209,2026-08-12 00:38:07.243598,reported
2080,87,16,202,2026-08-19 00:38:07.243598,reported
2081,87,17,210,2026-09-19 00:38:07.243598,reported
2082,87,18,212,2026-09-19 00:38:07.243598,reported
2083,87,19,221,2026-08-13 00:38:07.243598,reported
2084,87,20,229,2026-08-16 00:38:07.243598,reported
2085,87,21,212,2026-09-08 00:38:07.243598,reported
2086,87,22,217,2026-09-05 00:38:07.243598,reported
2087,87,23,218,2026-08-21 00:38:07.243598,reported
2088,87,24,233,2026-08-14 00:38:07.243598,reported
2089,88,1,109,2026-09-10 00:38:07.243598,reported
2090,88,2,95,2026-09-10 00:38:07.243598,reported
2091,88,3,107,2026-08-14 00:38:07.243598,reported
2092,88,4,109,2026-09-06 00:38:07.243598,reported
2093,88,5,98,2026-08-16 00:38:07.243598,reported
2094,88,6,109,2026-08-25 00:38:07.243598,reported
2095,88,7,123,2026-09-17 00:38:07.243598,reported
2096,88,8,98,2026-08-25 00:38:07.243598,reported
2097,88,9,125,2026-09-08 00:38:07.243598,reported
2098,88,10,100,2026-08-05 00:38:07.243598,reported
2099,88,11,125,2026-09-03 00:38:07.243598,reported
2100,88,12,134,2026-08-15 00:38:07.243598,reported
2101,88,13,115,2026-09-16 00:38:07.243598,reported
2102,88,14,123,2026-09-08 00:38:07.243598,reported
2103,88,15,130,2026-08-03 00:38:07.243598,reported
2104,88,16,122,2026-08-24 00:38:07.243598,reported
2105,88,17,129,2026-09-24 00:38:07.243598,reported
2106,88,18,131,2026-08-26 00:38:07.243598,reported
2107,88,19,132,2026-08-11 00:38:07.243598,reported
2108,88,20,135,2026-09-05 00:38:07.243598,reported
2109,88,21,138,2026-08-04 00:38:07.243598,reported
2110,88,22,128,2026-08-31 00:38:07.243598,reported
2111,88,23,124,2026-09-17 00:38:07.243598,reported
2112,88,24,129,2026-08-22 00:38:07.243598,reported
2113,89,1,86,2026-08-13 00:38:07.243598,reported
2114,89,2,75,2026-09-06 00:38:07.243598,reported
2115,89,3,85,2026-08-01 00:38:07.243598,reported
2116,89,4,96,2026-09-21 00:38:07.243598,reported
2117,89,5,92,2026-09-19 00:38:07.243598,reported
2118,89,6,88,2026-09-21 00:38:07.243598,reported
2119,89,7,97,2026-08-31 00:38:07.243598,reported
2120,89,8,86,2026-08-30 00:38:07.243598,reported
2121,89,9,92,2026-09-02 00:38:07.243598,reported
2122,89,10,92,2026-09-05 00:38:07.243598,reported
2123,89,11,107,2026-08-04 00:38:07.243598,reported
2124,89,12,111,2026-08-17 00:38:07.243598,reported
2125,89,13,109,2026-09-14 00:38:07.243598,reported
2126,89,14,103,2026-08-13 00:38:07.243598,reported
2127,89,15,103,2026-08-30 00:38:07.243598,reported
2128,89,16,113,2026-08-31 00:38:07.243598,reported
2129,89,17,104,2026-08-03 00:38:07.243598,reported
2130,89,18,96,2026-09-14 00:38:07.243598,reported
2131,89,19,100,2026-08-22 00:38:07.243598,reported
2132,89,20,98,2026-08-28 00:38:07.243598,reported
2133,89,21,140,2026-08-28 00:38:07.243598,reported
2134,89,22,101,2026-08-04 00:38:07.243598,reported
2135,89,23,127,2026-08-27 00:38:07.243598,reported
2136,89,24,109,2026-08-05 00:38:07.243598,reported
2137,90,1,185,2026-08-25 00:38:07.243598,reported
2138,90,2,203,2026-08-09 00:38:07.243598,reported
2139,90,3,198,2026-09-09 00:38:07.243598,reported
2140,90,4,208,2026-08-13 00:38:07.243598,reported
2141,90,5,210,2026-09-18 00:38:07.243598,reported
2142,90,6,215,2026-09-14 00:38:07.243598,reported
2143,90,7,222,2026-08-20 00:38:07.243598,reported
2144,90,8,211,2026-09-11 00:38:07.243598,reported
2145,90,9,224,2026-08-16 00:38:07.243598,reported
2146,90,10,212,2026-08-28 00:38:07.243598,reported
2147,90,11,233,2026-07-31 00:38:07.243598,reported
2148,90,12,248,2026-09-16 00:38:07.243598,reported
2149,90,13,231,2026-08-11 00:38:07.243598,reported
2150,90,14,244,2026-08-22 00:38:07.243598,reported
2151,90,15,230,2026-08-05 00:38:07.243598,reported
2152,90,16,236,2026-08-09 00:38:07.243598,reported
2153,90,17,247,2026-08-26 00:38:07.243598,reported
2154,90,18,238,2026-08-21 00:38:07.243598,reported
2155,90,19,258,2026-09-19 00:38:07.243598,reported
2156,90,20,264,2026-09-16 00:38:07.243598,reported
2157,90,21,263,2026-09-22 00:38:07.243598,reported
2158,90,22,273,2026-08-07 00:38:07.243598,reported
2159,90,23,266,2026-08-15 00:38:07.243598,reported
2160,90,24,268,2026-08-13 00:38:07.243598,reported
2161,91,1,214,2026-09-08 00:38:07.243598,reported
2162,91,2,225,2026-09-03 00:38:07.243598,reported
2163,91,3,233,2026-09-15 00:38:07.243598,reported
2164,91,4,225,2026-09-24 00:38:07.243598,reported
2165,91,5,234,2026-09-04 00:38:07.243598,reported
2166,91,6,240,2026-09-12 00:38:07.243598,reported
2167,91,7,228,2026-08-19 00:38:07.243598,reported
2168,91,8,247,2026-09-13 00:38:07.243598,reported
2169,91,9,260,2026-08-11 00:38:07.243598,reported
2170,91,10,257,2026-09-16 00:38:07.243598,reported
2171,91,11,259,2026-09-24 00:38:07.243598,reported
2172,91,12,255,2026-09-08 00:38:07.243598,reported
2173,91,13,283,2026-09-03 00:38:07.243598,reported
2174,91,14,276,2026-08-04 00:38:07.243598,reported
2175,91,15,276,2026-09-04 00:38:07.243598,reported
2176,91,16,273,2026-09-05 00:38:07.243598,reported
2177,91,17,280,2026-08-21 00:38:07.243598,reported
2178,91,18,277,2026-08-14 00:38:07.243598,reported
2179,91,19,280,2026-09-21 00:38:07.243598,reported
2180,91,20,280,2026-09-06 00:38:07.243598,reported
2181,91,21,288,2026-08-24 00:38:07.243598,reported
2182,91,22,288,2026-09-17 00:38:07.243598,reported
2183,91,23,297,2026-09-13 00:38:07.243598,reported
2184,91,24,286,2026-08-03 00:38:07.243598,reported
2185,92,1,111,2026-09-22 00:38:07.243598,reported
2186,92,2,96,2026-08-10 00:38:07.243598,reported
2187,92,3,102,2026-09-11 00:38:07.243598,reported
2188,92,4,105,2026-09-21 00:38:07.243598,reported
2189,92,5,117,2026-08-31 00:38:07.243598,reported
2190,92,6,110,2026-09-02 00:38:07.243598,reported
2191,92,7,112,2026-09-07 00:38:07.243598,reported
2192,92,8,109,2026-09-24 00:38:07.243598,reported
2193,92,9,109,2026-08-26 00:38:07.243598,reported
2194,92,10,108,2026-07-31 00:38:07.243598,reported
2195,92,11,124,2026-08-23 00:38:07.243598,reported
2196,92,12,124,2026-08-14 00:38:07.243598,reported
2197,92,13,131,2026-09-20 00:38:07.243598,reported
2198,92,14,109,2026-08-30 00:38:07.243598,reported
2199,92,15,125,2026-09-17 00:38:07.243598,reported
2200,92,16,121,2026-07-31 00:38:07.243598,reported
2201,92,17,116,2026-08-31 00:38:07.243598,reported
2202,92,18,116,2026-09-20 00:38:07.243598,reported
2203,92,19,119,2026-08-25 00:38:07.243598,reported
2204,92,20,137,2026-09-04 00:38:07.243598,reported
2205,92,21,127,2026-08-23 00:38:07.243598,reported
2206,92,22,134,2026-08-01 00:38:07.243598,reported
2207,92,23,123,2026-08-15 00:38:07.243598,reported
2208,92,24,142,2026-09-23 00:38:07.243598,reported
2209,93,1,72,2026-08-09 00:38:07.243598,reported
2210,93,2,94,2026-09-19 00:38:07.243598,reported
2211,93,3,87,2026-08-27 00:38:07.243598,reported
2212,93,4,89,2026-08-21 00:38:07.243598,reported
2213,93,5,88,2026-08-14 00:38:07.243598,reported
2214,93,6,91,2026-09-20 00:38:07.243598,reported
2215,93,7,93,2026-09-08 00:38:07.243598,reported
2216,93,8,99,2026-09-08 00:38:07.243598,reported
2217,93,9,89,2026-09-15 00:38:07.243598,reported
2218,93,10,82,2026-08-18 00:38:07.243598,reported
2219,93,11,90,2026-09-14 00:38:07.243598,reported
2220,93,12,93,2026-09-05 00:38:07.243598,reported
2221,93,13,95,2026-08-11 00:38:07.243598,reported
2222,93,14,109,2026-08-29 00:38:07.243598,reported
2223,93,15,111,2026-09-07 00:38:07.243598,reported
2224,93,16,94,2026-08-09 00:38:07.243598,reported
2225,93,17,105,2026-08-31 00:38:07.243598,reported
2226,93,18,101,2026-08-22 00:38:07.243598,reported
2227,93,19,121,2026-09-07 00:38:07.243598,reported
2228,93,20,115,2026-08-06 00:38:07.243598,reported
2229,93,21,115,2026-08-19 00:38:07.243598,reported
2230,93,22,101,2026-09-23 00:38:07.243598,reported
2231,93,23,102,2026-09-03 00:38:07.243598,reported
2232,93,24,110,2026-09-14 00:38:07.243598,reported
2233,94,1,193,2026-08-12 00:38:07.243598,reported
2234,94,2,194,2026-09-03 00:38:07.243598,reported
2235,94,3,201,2026-08-27 00:38:07.243598,reported
2236,94,4,226,2026-08-16 00:38:07.243598,reported
2237,94,5,219,2026-09-22 00:38:07.243598,reported
2238,94,6,221,2026-09-23 00:38:07.243598,reported
2239,94,7,219,2026-09-17 00:38:07.243598,reported
2240,94,8,206,2026-09-03 00:38:07.243598,reported
2241,94,9,228,2026-09-23 00:38:07.243598,reported
2242,94,10,217,2026-08-13 00:38:07.243598,reported
2243,94,11,239,2026-08-10 00:38:07.243598,reported
2244,94,12,246,2026-08-16 00:38:07.243598,reported
2245,94,13,243,2026-08-08 00:38:07.243598,reported
2246,94,14,245,2026-08-26 00:38:07.243598,reported
2247,94,15,239,2026-09-21 00:38:07.243598,reported
2248,94,16,238,2026-09-05 00:38:07.243598,reported
2249,94,17,248,2026-08-21 00:38:07.243598,reported
2250,94,18,270,2026-09-11 00:38:07.243598,reported
2251,94,19,253,2026-09-18 00:38:07.243598,reported
2252,94,20,251,2026-09-09 00:38:07.243598,reported
2253,94,21,250,2026-08-05 00:38:07.243598,reported
2254,94,22,266,2026-08-01 00:38:07.243598,reported
2255,94,23,275,2026-09-17 00:38:07.243598,reported
2256,94,24,278,2026-09-03 00:38:07.243598,reported
2257,95,1,207,2026-09-21 00:38:07.243598,reported
2258,95,2,210,2026-08-11 00:38:07.243598,reported
2259,95,3,208,2026-08-17 00:38:07.243598,reported
2260,95,4,226,2026-08-18 00:38:07.243598,reported
2261,95,5,226,2026-08-13 00:38:07.243598,reported
2262,95,6,231,2026-08-29 00:38:07.243598,reported
2263,95,7,244,2026-08-01 00:38:07.243598,reported
2264,95,8,230,2026-09-12 00:38:07.243598,reported
2265,95,9,238,2026-08-18 00:38:07.243598,reported
2266,95,10,239,2026-08-04 00:38:07.243598,reported
2267,95,11,242,2026-08-31 00:38:07.243598,reported
2268,95,12,248,2026-09-12 00:38:07.243598,reported
2269,95,13,253,2026-08-15 00:38:07.243598,reported
2270,95,14,246,2026-09-12 00:38:07.243598,reported
2271,95,15,256,2026-09-12 00:38:07.243598,reported
2272,95,16,260,2026-08-05 00:38:07.243598,reported
2273,95,17,260,2026-08-08 00:38:07.243598,reported
2274,95,18,264,2026-08-27 00:38:07.243598,reported
2275,95,19,259,2026-08-30 00:38:07.243598,reported
2276,95,20,270,2026-08-31 00:38:07.243598,reported
2277,95,21,270,2026-08-17 00:38:07.243598,reported
2278,95,22,286,2026-08-15 00:38:07.243598,reported
2279,95,23,267,2026-09-24 00:38:07.243598,reported
2280,95,24,272,2026-09-05 00:38:07.243598,reported
2281,96,1,127,2026-08-26 00:38:07.243598,reported
2282,96,2,124,2026-09-17 00:38:07.243598,reported
2283,96,3,130,2026-09-04 00:38:07.243598,reported
2284,96,4,125,2026-08-19 00:38:07.243598,reported
2285,96,5,128,2026-09-06 00:38:07.243598,reported
2286,96,6,137,2026-09-18 00:38:07.243598,reported
2287,96,7,132,2026-09-23 00:38:07.243598,reported
2288,96,8,139,2026-09-02 00:38:07.243598,reported
2289,96,9,137,2026-09-08 00:38:07.243598,reported
2290,96,10,141,2026-08-23 00:38:07.243598,reported
2291,96,11,145,2026-09-09 00:38:07.243598,reported
2292,96,12,155,2026-09-09 00:38:07.243598,reported
2293,96,13,151,2026-08-13 00:38:07.243598,reported
2294,96,14,150,2026-08-30 00:38:07.243598,reported
2295,96,15,155,2026-09-10 00:38:07.243598,reported
2296,96,16,143,2026-09-17 00:38:07.243598,reported
2297,96,17,158,2026-08-22 00:38:07.243598,reported
2298,96,18,156,2026-08-23 00:38:07.243598,reported
2299,96,19,157,2026-08-17 00:38:07.243598,reported
2300,96,20,172,2026-09-05 00:38:07.243598,reported
2301,96,21,157,2026-08-27 00:38:07.243598,reported
2302,96,22,164,2026-08-30 00:38:07.243598,reported
2303,96,23,187,2026-08-22 00:38:07.243598,reported
2304,96,24,167,2026-09-14 00:38:07.243598,reported
2305,97,1,229,2026-08-21 00:38:07.243598,reported
2306,97,2,214,2026-08-25 00:38:07.243598,reported
2307,97,3,220,2026-08-15 00:38:07.243598,reported
2308,97,4,209,2026-08-14 00:38:07.243598,reported
2309,97,5,240,2026-08-05 00:38:07.243598,reported
2310,97,6,235,2026-08-21 00:38:07.243598,reported
2311,97,7,235,2026-07-31 00:38:07.243598,reported
2312,97,8,240,2026-09-03 00:38:07.243598,reported
2313,97,9,246,2026-08-12 00:38:07.243598,reported
2314,97,10,244,2026-09-13 00:38:07.243598,reported
2315,97,11,247,2026-09-02 00:38:07.243598,reported
2316,97,12,245,2026-09-11 00:38:07.243598,reported
2317,97,13,260,2026-08-26 00:38:07.243598,reported
2318,97,14,246,2026-08-27 00:38:07.243598,reported
2319,97,15,264,2026-08-29 00:38:07.243598,reported
2320,97,16,254,2026-08-06 00:38:07.243598,reported
2321,97,17,278,2026-09-15 00:38:07.243598,reported
2322,97,18,274,2026-09-08 00:38:07.243598,reported
2323,97,19,275,2026-08-30 00:38:07.243598,reported
2324,97,20,282,2026-09-17 00:38:07.243598,reported
2325,97,21,274,2026-08-23 00:38:07.243598,reported
2326,97,22,280,2026-08-30 00:38:07.243598,reported
2327,97,23,267,2026-09-16 00:38:07.243598,reported
2328,97,24,281,2026-09-01 00:38:07.243598,reported
2329,98,1,191,2026-08-11 00:38:07.243598,reported
2330,98,2,177,2026-09-02 00:38:07.243598,reported
2331,98,3,199,2026-09-12 00:38:07.243598,reported
2332,98,4,215,2026-09-11 00:38:07.243598,reported
2333,98,5,209,2026-09-05 00:38:07.243598,reported
2334,98,6,201,2026-08-27 00:38:07.243598,reported
2335,98,7,207,2026-09-05 00:38:07.243598,reported
2336,98,8,213,2026-08-22 00:38:07.243598,reported
2337,98,9,210,2026-09-09 00:38:07.243598,reported
2338,98,10,230,2026-08-18 00:38:07.243598,reported
2339,98,11,226,2026-09-24 00:38:07.243598,reported
2340,98,12,226,2026-09-13 00:38:07.243598,reported
2341,98,13,230,2026-08-24 00:38:07.243598,reported
2342,98,14,222,2026-09-11 00:38:07.243598,reported
2343,98,15,227,2026-09-14 00:38:07.243598,reported
2344,98,16,240,2026-08-24 00:38:07.243598,reported
2345,98,17,240,2026-08-17 00:38:07.243598,reported
2346,98,18,235,2026-07-31 00:38:07.243598,reported
2347,98,19,248,2026-08-02 00:38:07.243598,reported
2348,98,20,241,2026-09-08 00:38:07.243598,reported
2349,98,21,251,2026-09-22 00:38:07.243598,reported
2350,98,22,258,2026-08-17 00:38:07.243598,reported
2351,98,23,264,2026-08-08 00:38:07.243598,reported
2352,98,24,255,2026-09-20 00:38:07.243598,reported
2353,99,1,140,2026-08-18 00:38:07.243598,reported
2354,99,2,137,2026-07-31 00:38:07.243598,reported
2355,99,3,156,2026-08-29 00:38:07.243598,reported
2356,99,4,138,2026-08-12 00:38:07.243598,reported
2357,99,5,145,2026-08-26 00:38:07.243598,reported
2358,99,6,141,2026-09-11 00:38:07.243598,reported
2359,99,7,157,2026-09-12 00:38:07.243598,reported
2360,99,8,147,2026-09-08 00:38:07.243598,reported
2361,99,9,147,2026-09-12 00:38:07.243598,reported
2362,99,10,153,2026-08-04 00:38:07.243598,reported
2363,99,11,146,2026-09-22 00:38:07.243598,reported
2364,99,12,148,2026-08-18 00:38:07.243598,reported
2365,99,13,158,2026-09-18 00:38:07.243598,reported
2366,99,14,158,2026-07-31 00:38:07.243598,reported
2367,99,15,153,2026-09-21 00:38:07.243598,reported
2368,99,16,164,2026-08-21 00:38:07.243598,reported
2369,99,17,160,2026-09-04 00:38:07.243598,reported
2370,99,18,166,2026-09-12 00:38:07.243598,reported
2371,99,19,172,2026-08-11 00:38:07.243598,reported
2372,99,20,176,2026-08-11 00:38:07.243598,reported
2373,99,21,176,2026-08-21 00:38:07.243598,reported
2374,99,22,175,2026-09-02 00:38:07.243598,reported
2375,99,23,183,2026-08-22 00:38:07.243598,reported
2376,99,24,192,2026-08-23 00:38:07.243598,reported
2377,100,1,200,2026-09-03 00:38:07.243598,reported
2378,100,2,186,2026-08-25 00:38:07.243598,reported
2379,100,3,206,2026-09-01 00:38:07.243598,reported
2380,100,4,192,2026-08-13 00:38:07.243598,reported
2381,100,5,219,2026-08-29 00:38:07.243598,reported
2382,100,6,211,2026-08-14 00:38:07.243598,reported
2383,100,7,222,2026-09-02 00:38:07.243598,reported
2384,100,8,211,2026-08-30 00:38:07.243598,reported
2385,100,9,223,2026-09-16 00:38:07.243598,reported
2386,100,10,225,2026-08-27 00:38:07.243598,reported
2387,100,11,221,2026-08-31 00:38:07.243598,reported
2388,100,12,219,2026-08-02 00:38:07.243598,reported
2389,100,13,237,2026-07-31 00:38:07.243598,reported
2390,100,14,231,2026-08-20 00:38:07.243598,reported
2391,100,15,234,2026-08-13 00:38:07.243598,reported
2392,100,16,223,2026-08-19 00:38:07.243598,reported
2393,100,17,235,2026-08-06 00:38:07.243598,reported
2394,100,18,253,2026-08-23 00:38:07.243598,reported
2395,100,19,245,2026-08-17 00:38:07.243598,reported
2396,100,20,250,2026-09-23 00:38:07.243598,reported
2397,100,21,268,2026-09-14 00:38:07.243598,reported
2398,100,22,256,2026-08-29 00:38:07.243598,reported
2399,100,23,251,2026-09-04 00:38:07.243598,reported
2400,100,24,262,2026-09-10 00:38:07.243598,reported
2401,101,1,74,2026-08-11 00:38:07.243598,reported
2402,101,2,102,2026-09-20 00:38:07.243598,reported
2403,101,3,81,2026-08-15 00:38:07.243598,reported
2404,101,4,85,2026-09-21 00:38:07.243598,reported
2405,101,5,94,2026-09-01 00:38:07.243598,reported
2406,101,6,93,2026-08-15 00:38:07.243598,reported
2407,101,7,107,2026-09-20 00:38:07.243598,reported
2408,101,8,99,2026-08-01 00:38:07.243598,reported
2409,101,9,104,2026-09-16 00:38:07.243598,reported
2410,101,10,99,2026-08-08 00:38:07.243598,reported
2411,101,11,106,2026-08-25 00:38:07.243598,reported
2412,101,12,102,2026-08-28 00:38:07.243598,reported
2413,101,13,108,2026-08-22 00:38:07.243598,reported
2414,101,14,113,2026-08-19 00:38:07.243598,reported
2415,101,15,114,2026-09-21 00:38:07.243598,reported
2416,101,16,105,2026-09-23 00:38:07.243598,reported
2417,101,17,104,2026-09-21 00:38:07.243598,reported
2418,101,18,115,2026-08-27 00:38:07.243598,reported
2419,101,19,97,2026-08-30 00:38:07.243598,reported
2420,101,20,121,2026-09-17 00:38:07.243598,reported
2421,101,21,111,2026-08-03 00:38:07.243598,reported
2422,101,22,127,2026-09-13 00:38:07.243598,reported
2423,101,23,114,2026-09-17 00:38:07.243598,reported
2424,101,24,124,2026-09-16 00:38:07.243598,reported
2425,102,1,240,2026-08-16 00:38:07.243598,reported
2426,102,2,242,2026-09-02 00:38:07.243598,reported
2427,102,3,225,2026-09-20 00:38:07.243598,reported
2428,102,4,239,2026-09-17 00:38:07.243598,reported
2429,102,5,245,2026-09-03 00:38:07.243598,reported
2430,102,6,243,2026-08-03 00:38:07.243598,reported
2431,102,7,238,2026-09-18 00:38:07.243598,reported
2432,102,8,246,2026-09-12 00:38:07.243598,reported
2433,102,9,262,2026-09-18 00:38:07.243598,reported
2434,102,10,264,2026-08-15 00:38:07.243598,reported
2435,102,11,256,2026-09-16 00:38:07.243598,reported
2436,102,12,268,2026-08-11 00:38:07.243598,reported
2437,102,13,264,2026-08-22 00:38:07.243598,reported
2438,102,14,285,2026-09-19 00:38:07.243598,reported
2439,102,15,273,2026-08-07 00:38:07.243598,reported
2440,102,16,276,2026-08-12 00:38:07.243598,reported
2441,102,17,276,2026-08-16 00:38:07.243598,reported
2442,102,18,289,2026-09-10 00:38:07.243598,reported
2443,102,19,294,2026-08-10 00:38:07.243598,reported
2444,102,20,293,2026-08-16 00:38:07.243598,reported
2445,102,21,293,2026-09-08 00:38:07.243598,reported
2446,102,22,302,2026-08-20 00:38:07.243598,reported
2447,102,23,306,2026-08-24 00:38:07.243598,reported
2448,102,24,293,2026-09-10 00:38:07.243598,reported
2449,103,1,98,2026-09-17 00:38:07.243598,reported
2450,103,2,95,2026-08-05 00:38:07.243598,reported
2451,103,3,98,2026-08-28 00:38:07.243598,reported
2452,103,4,108,2026-09-16 00:38:07.243598,reported
2453,103,5,122,2026-09-03 00:38:07.243598,reported
2454,103,6,116,2026-08-02 00:38:07.243598,reported
2455,103,7,106,2026-08-08 00:38:07.243598,reported
2456,103,8,116,2026-08-22 00:38:07.243598,reported
2457,103,9,113,2026-08-30 00:38:07.243598,reported
2458,103,10,105,2026-09-08 00:38:07.243598,reported
2459,103,11,112,2026-08-04 00:38:07.243598,reported
2460,103,12,128,2026-08-10 00:38:07.243598,reported
2461,103,13,125,2026-08-26 00:38:07.243598,reported
2462,103,14,121,2026-09-22 00:38:07.243598,reported
2463,103,15,113,2026-09-03 00:38:07.243598,reported
2464,103,16,128,2026-09-02 00:38:07.243598,reported
2465,103,17,115,2026-09-13 00:38:07.243598,reported
2466,103,18,124,2026-08-26 00:38:07.243598,reported
2467,103,19,134,2026-08-16 00:38:07.243598,reported
2468,103,20,119,2026-08-10 00:38:07.243598,reported
2469,103,21,120,2026-08-30 00:38:07.243598,reported
2470,103,22,158,2026-09-18 00:38:07.243598,reported
2471,103,23,126,2026-09-16 00:38:07.243598,reported
2472,103,24,146,2026-09-01 00:38:07.243598,reported
2473,104,1,203,2026-08-23 00:38:07.243598,reported
2474,104,2,212,2026-09-02 00:38:07.243598,reported
2475,104,3,216,2026-09-06 00:38:07.243598,reported
2476,104,4,222,2026-08-18 00:38:07.243598,reported
2477,104,5,218,2026-09-02 00:38:07.243598,reported
2478,104,6,228,2026-09-08 00:38:07.243598,reported
2479,104,7,229,2026-09-17 00:38:07.243598,reported
2480,104,8,239,2026-09-12 00:38:07.243598,reported
2481,104,9,249,2026-09-16 00:38:07.243598,reported
2482,104,10,241,2026-08-10 00:38:07.243598,reported
2483,104,11,230,2026-09-11 00:38:07.243598,reported
2484,104,12,263,2026-09-14 00:38:07.243598,reported
2485,104,13,259,2026-08-28 00:38:07.243598,reported
2486,104,14,252,2026-09-21 00:38:07.243598,reported
2487,104,15,258,2026-08-19 00:38:07.243598,reported
2488,104,16,250,2026-08-21 00:38:07.243598,reported
2489,104,17,264,2026-09-05 00:38:07.243598,reported
2490,104,18,263,2026-08-07 00:38:07.243598,reported
2491,104,19,271,2026-08-06 00:38:07.243598,reported
2492,104,20,266,2026-07-31 00:38:07.243598,reported
2493,104,21,270,2026-08-14 00:38:07.243598,reported
2494,104,22,285,2026-09-08 00:38:07.243598,reported
2495,104,23,276,2026-09-04 00:38:07.243598,reported
2496,104,24,310,2026-09-22 00:38:07.243598,reported
2497,105,1,231,2026-09-10 00:38:07.243598,reported
2498,105,2,225,2026-08-04 00:38:07.243598,reported
2499,105,3,223,2026-08-03 00:38:07.243598,reported
2500,105,4,224,2026-09-23 00:38:07.243598,reported
2501,105,5,227,2026-09-15 00:38:07.243598,reported
2502,105,6,255,2026-09-12 00:38:07.243598,reported
2503,105,7,248,2026-08-27 00:38:07.243598,reported
2504,105,8,251,2026-08-22 00:38:07.243598,reported
2505,105,9,236,2026-08-11 00:38:07.243598,reported
2506,105,10,250,2026-09-11 00:38:07.243598,reported
2507,105,11,245,2026-08-02 00:38:07.243598,reported
2508,105,12,251,2026-08-01 00:38:07.243598,reported
2509,105,13,257,2026-08-05 00:38:07.243598,reported
2510,105,14,256,2026-08-14 00:38:07.243598,reported
2511,105,15,265,2026-08-02 00:38:07.243598,reported
2512,105,16,269,2026-08-15 00:38:07.243598,reported
2513,105,17,274,2026-09-03 00:38:07.243598,reported
2514,105,18,293,2026-08-22 00:38:07.243598,reported
2515,105,19,278,2026-09-07 00:38:07.243598,reported
2516,105,20,292,2026-09-07 00:38:07.243598,reported
2517,105,21,277,2026-08-04 00:38:07.243598,reported
2518,105,22,296,2026-09-12 00:38:07.243598,reported
2519,105,23,300,2026-08-20 00:38:07.243598,reported
2520,105,24,302,2026-08-16 00:38:07.243598,reported
2521,106,1,199,2026-09-24 00:38:07.243598,reported
2522,106,2,219,2026-08-26 00:38:07.243598,reported
2523,106,3,209,2026-08-07 00:38:07.243598,reported
2524,106,4,205,2026-09-02 00:38:07.243598,reported
2525,106,5,213,2026-09-09 00:38:07.243598,reported
2526,106,6,225,2026-08-14 00:38:07.243598,reported
2527,106,7,232,2026-07-31 00:38:07.243598,reported
2528,106,8,237,2026-07-31 00:38:07.243598,reported
2529,106,9,218,2026-09-22 00:38:07.243598,reported
2530,106,10,227,2026-08-07 00:38:07.243598,reported
2531,106,11,233,2026-09-08 00:38:07.243598,reported
2532,106,12,241,2026-08-27 00:38:07.243598,reported
2533,106,13,255,2026-08-07 00:38:07.243598,reported
2534,106,14,243,2026-09-21 00:38:07.243598,reported
2535,106,15,258,2026-08-12 00:38:07.243598,reported
2536,106,16,231,2026-09-01 00:38:07.243598,reported
2537,106,17,242,2026-09-16 00:38:07.243598,reported
2538,106,18,266,2026-09-23 00:38:07.243598,reported
2539,106,19,273,2026-09-16 00:38:07.243598,reported
2540,106,20,253,2026-08-07 00:38:07.243598,reported
2541,106,21,269,2026-09-18 00:38:07.243598,reported
2542,106,22,256,2026-07-31 00:38:07.243598,reported
2543,106,23,267,2026-08-05 00:38:07.243598,reported
2544,106,24,267,2026-08-12 00:38:07.243598,reported
2545,107,1,184,2026-09-05 00:38:07.243598,reported
2546,107,2,188,2026-08-22 00:38:07.243598,reported
2547,107,3,202,2026-08-06 00:38:07.243598,reported
2548,107,4,195,2026-08-04 00:38:07.243598,reported
2549,107,5,210,2026-09-01 00:38:07.243598,reported
2550,107,6,203,2026-08-17 00:38:07.243598,reported
2551,107,7,222,2026-08-04 00:38:07.243598,reported
2552,107,8,191,2026-09-02 00:38:07.243598,reported
2553,107,9,222,2026-09-05 00:38:07.243598,reported
2554,107,10,218,2026-07-31 00:38:07.243598,reported
2555,107,11,225,2026-08-19 00:38:07.243598,reported
2556,107,12,227,2026-09-19 00:38:07.243598,reported
2557,107,13,215,2026-09-15 00:38:07.243598,reported
2558,107,14,219,2026-08-18 00:38:07.243598,reported
2559,107,15,227,2026-09-19 00:38:07.243598,reported
2560,107,16,244,2026-09-20 00:38:07.243598,reported
2561,107,17,248,2026-08-30 00:38:07.243598,reported
2562,107,18,231,2026-08-07 00:38:07.243598,reported
2563,107,19,233,2026-08-17 00:38:07.243598,reported
2564,107,20,235,2026-08-23 00:38:07.243598,reported
2565,107,21,264,2026-09-01 00:38:07.243598,reported
2566,107,22,258,2026-08-14 00:38:07.243598,reported
2567,107,23,268,2026-09-10 00:38:07.243598,reported
2568,107,24,265,2026-08-26 00:38:07.243598,reported
2569,108,1,124,2026-09-01 00:38:07.243598,reported
2570,108,2,138,2026-08-01 00:38:07.243598,reported
2571,108,3,131,2026-09-06 00:38:07.243598,reported
2572,108,4,121,2026-09-06 00:38:07.243598,reported
2573,108,5,133,2026-09-06 00:38:07.243598,reported
2574,108,6,128,2026-08-01 00:38:07.243598,reported
2575,108,7,137,2026-08-08 00:38:07.243598,reported
2576,108,8,125,2026-09-12 00:38:07.243598,reported
2577,108,9,134,2026-08-11 00:38:07.243598,reported
2578,108,10,152,2026-08-07 00:38:07.243598,reported
2579,108,11,123,2026-09-12 00:38:07.243598,reported
2580,108,12,128,2026-08-20 00:38:07.243598,reported
2581,108,13,137,2026-09-24 00:38:07.243598,reported
2582,108,14,138,2026-09-04 00:38:07.243598,reported
2583,108,15,155,2026-08-31 00:38:07.243598,reported
2584,108,16,146,2026-09-02 00:38:07.243598,reported
2585,108,17,151,2026-09-01 00:38:07.243598,reported
2586,108,18,147,2026-07-31 00:38:07.243598,reported
2587,108,19,155,2026-09-09 00:38:07.243598,reported
2588,108,20,165,2026-08-21 00:38:07.243598,reported
2589,108,21,150,2026-08-20 00:38:07.243598,reported
2590,108,22,158,2026-08-03 00:38:07.243598,reported
2591,108,23,148,2026-08-06 00:38:07.243598,reported
2592,108,24,175,2026-08-26 00:38:07.243598,reported
2593,109,1,234,2026-09-02 00:38:07.243598,reported
2594,109,2,239,2026-08-12 00:38:07.243598,reported
2595,109,3,241,2026-08-19 00:38:07.243598,reported
2596,109,4,239,2026-09-08 00:38:07.243598,reported
2597,109,5,261,2026-08-19 00:38:07.243598,reported
2598,109,6,245,2026-09-03 00:38:07.243598,reported
2599,109,7,256,2026-08-13 00:38:07.243598,reported
2600,109,8,251,2026-07-31 00:38:07.243598,reported
2601,109,9,265,2026-09-14 00:38:07.243598,reported
2602,109,10,254,2026-08-05 00:38:07.243598,reported
2603,109,11,266,2026-08-07 00:38:07.243598,reported
2604,109,12,262,2026-08-11 00:38:07.243598,reported
2605,109,13,273,2026-08-29 00:38:07.243598,reported
2606,109,14,265,2026-09-06 00:38:07.243598,reported
2607,109,15,270,2026-08-22 00:38:07.243598,reported
2608,109,16,294,2026-09-15 00:38:07.243598,reported
2609,109,17,295,2026-08-13 00:38:07.243598,reported
2610,109,18,292,2026-09-11 00:38:07.243598,reported
2611,109,19,306,2026-08-20 00:38:07.243598,reported
2612,109,20,295,2026-08-01 00:38:07.243598,reported
2613,109,21,310,2026-09-24 00:38:07.243598,reported
2614,109,22,308,2026-09-19 00:38:07.243598,reported
2615,109,23,301,2026-09-02 00:38:07.243598,reported
2616,109,24,296,2026-09-20 00:38:07.243598,reported
2617,110,1,142,2026-08-23 00:38:07.243598,reported
2618,110,2,138,2026-09-19 00:38:07.243598,reported
2619,110,3,142,2026-09-07 00:38:07.243598,reported
2620,110,4,130,2026-09-02 00:38:07.243598,reported
2621,110,5,134,2026-09-24 00:38:07.243598,reported
2622,110,6,149,2026-08-30 00:38:07.243598,reported
2623,110,7,142,2026-08-14 00:38:07.243598,reported
2624,110,8,127,2026-08-07 00:38:07.243598,reported
2625,110,9,144,2026-08-13 00:38:07.243598,reported
2626,110,10,142,2026-08-04 00:38:07.243598,reported
2627,110,11,140,2026-08-14 00:38:07.243598,reported
2628,110,12,156,2026-08-24 00:38:07.243598,reported
2629,110,13,165,2026-09-24 00:38:07.243598,reported
2630,110,14,159,2026-08-14 00:38:07.243598,reported
2631,110,15,154,2026-08-21 00:38:07.243598,reported
2632,110,16,158,2026-09-04 00:38:07.243598,reported
2633,110,17,157,2026-08-05 00:38:07.243598,reported
2634,110,18,148,2026-08-04 00:38:07.243598,reported
2635,110,19,155,2026-09-20 00:38:07.243598,reported
2636,110,20,161,2026-08-27 00:38:07.243598,reported
2637,110,21,172,2026-08-21 00:38:07.243598,reported
2638,110,22,164,2026-09-03 00:38:07.243598,reported
2639,110,23,172,2026-09-17 00:38:07.243598,reported
2640,110,24,176,2026-09-01 00:38:07.243598,reported
2641,111,1,236,2026-08-10 00:38:07.243598,reported
2642,111,2,220,2026-09-12 00:38:07.243598,reported
2643,111,3,238,2026-08-13 00:38:07.243598,reported
2644,111,4,235,2026-07-31 00:38:07.243598,reported
2645,111,5,236,2026-08-02 00:38:07.243598,reported
2646,111,6,251,2026-08-14 00:38:07.243598,reported
2647,111,7,246,2026-09-19 00:38:07.243598,reported
2648,111,8,254,2026-09-21 00:38:07.243598,reported
2649,111,9,268,2026-09-01 00:38:07.243598,reported
2650,111,10,266,2026-08-31 00:38:07.243598,reported
2651,111,11,267,2026-09-04 00:38:07.243598,reported
2652,111,12,277,2026-08-21 00:38:07.243598,reported
2653,111,13,271,2026-08-25 00:38:07.243598,reported
2654,111,14,265,2026-08-21 00:38:07.243598,reported
2655,111,15,272,2026-08-14 00:38:07.243598,reported
2656,111,16,273,2026-09-20 00:38:07.243598,reported
2657,111,17,293,2026-08-16 00:38:07.243598,reported
2658,111,18,286,2026-09-07 00:38:07.243598,reported
2659,111,19,307,2026-08-15 00:38:07.243598,reported
2660,111,20,295,2026-09-12 00:38:07.243598,reported
2661,111,21,305,2026-09-15 00:38:07.243598,reported
2662,111,22,298,2026-08-26 00:38:07.243598,reported
2663,111,23,301,2026-09-17 00:38:07.243598,reported
2664,111,24,307,2026-09-08 00:38:07.243598,reported
2665,112,1,129,2026-08-05 00:38:07.243598,reported
2666,112,2,129,2026-08-17 00:38:07.243598,reported
2667,112,3,144,2026-08-24 00:38:07.243598,reported
2668,112,4,137,2026-09-06 00:38:07.243598,reported
2669,112,5,125,2026-08-15 00:38:07.243598,reported
2670,112,6,141,2026-08-28 00:38:07.243598,reported
2671,112,7,138,2026-08-20 00:38:07.243598,reported
2672,112,8,139,2026-08-01 00:38:07.243598,reported
2673,112,9,147,2026-09-24 00:38:07.243598,reported
2674,112,10,149,2026-09-11 00:38:07.243598,reported
2675,112,11,143,2026-08-03 00:38:07.243598,reported
2676,112,12,151,2026-08-28 00:38:07.243598,reported
2677,112,13,145,2026-08-05 00:38:07.243598,reported
2678,112,14,151,2026-08-23 00:38:07.243598,reported
2679,112,15,157,2026-08-29 00:38:07.243598,reported
2680,112,16,148,2026-09-13 00:38:07.243598,reported
2681,112,17,152,2026-09-10 00:38:07.243598,reported
2682,112,18,158,2026-08-11 00:38:07.243598,reported
2683,112,19,162,2026-08-18 00:38:07.243598,reported
2684,112,20,167,2026-09-03 00:38:07.243598,reported
2685,112,21,157,2026-09-03 00:38:07.243598,reported
2686,112,22,168,2026-08-02 00:38:07.243598,reported
2687,112,23,179,2026-09-04 00:38:07.243598,reported
2688,112,24,177,2026-09-07 00:38:07.243598,reported
2689,113,1,231,2026-08-06 00:38:07.243598,reported
2690,113,2,217,2026-08-22 00:38:07.243598,reported
2691,113,3,236,2026-08-31 00:38:07.243598,reported
2692,113,4,228,2026-09-13 00:38:07.243598,reported
2693,113,5,229,2026-08-29 00:38:07.243598,reported
2694,113,6,251,2026-08-10 00:38:07.243598,reported
2695,113,7,228,2026-09-07 00:38:07.243598,reported
2696,113,8,241,2026-08-20 00:38:07.243598,reported
2697,113,9,241,2026-09-22 00:38:07.243598,reported
2698,113,10,254,2026-09-04 00:38:07.243598,reported
2699,113,11,261,2026-09-04 00:38:07.243598,reported
2700,113,12,255,2026-08-20 00:38:07.243598,reported
2701,113,13,262,2026-08-01 00:38:07.243598,reported
2702,113,14,250,2026-09-01 00:38:07.243598,reported
2703,113,15,267,2026-09-13 00:38:07.243598,reported
2704,113,16,267,2026-08-05 00:38:07.243598,reported
2705,113,17,281,2026-08-09 00:38:07.243598,reported
2706,113,18,275,2026-08-31 00:38:07.243598,reported
2707,113,19,270,2026-08-16 00:38:07.243598,reported
2708,113,20,274,2026-09-07 00:38:07.243598,reported
2709,113,21,273,2026-08-14 00:38:07.243598,reported
2710,113,22,289,2026-09-22 00:38:07.243598,reported
2711,113,23,275,2026-08-12 00:38:07.243598,reported
2712,113,24,304,2026-08-15 00:38:07.243598,reported
2713,114,1,96,2026-08-04 00:38:07.243598,reported
2714,114,2,71,2026-08-22 00:38:07.243598,reported
2715,114,3,76,2026-09-21 00:38:07.243598,reported
2716,114,4,105,2026-09-16 00:38:07.243598,reported
2717,114,5,93,2026-08-29 00:38:07.243598,reported
2718,114,6,85,2026-08-06 00:38:07.243598,reported
2719,114,7,101,2026-08-15 00:38:07.243598,reported
2720,114,8,89,2026-08-12 00:38:07.243598,reported
2721,114,9,93,2026-09-19 00:38:07.243598,reported
2722,114,10,121,2026-08-31 00:38:07.243598,reported
2723,114,11,92,2026-08-27 00:38:07.243598,reported
2724,114,12,104,2026-09-21 00:38:07.243598,reported
2725,114,13,112,2026-09-21 00:38:07.243598,reported
2726,114,14,92,2026-09-24 00:38:07.243598,reported
2727,114,15,104,2026-08-28 00:38:07.243598,reported
2728,114,16,107,2026-08-18 00:38:07.243598,reported
2729,114,17,112,2026-08-31 00:38:07.243598,reported
2730,114,18,104,2026-08-16 00:38:07.243598,reported
2731,114,19,111,2026-09-07 00:38:07.243598,reported
2732,114,20,120,2026-07-31 00:38:07.243598,reported
2733,114,21,104,2026-09-08 00:38:07.243598,reported
2734,114,22,109,2026-08-16 00:38:07.243598,reported
2735,114,23,116,2026-08-24 00:38:07.243598,reported
2736,114,24,132,2026-09-01 00:38:07.243598,reported
2737,115,1,242,2026-09-05 00:38:07.243598,reported
2738,115,2,222,2026-08-23 00:38:07.243598,reported
2739,115,3,234,2026-09-08 00:38:07.243598,reported
2740,115,4,245,2026-09-05 00:38:07.243598,reported
2741,115,5,244,2026-08-15 00:38:07.243598,reported
2742,115,6,250,2026-09-19 00:38:07.243598,reported
2743,115,7,255,2026-09-19 00:38:07.243598,reported
2744,115,8,256,2026-09-15 00:38:07.243598,reported
2745,115,9,267,2026-09-03 00:38:07.243598,reported
2746,115,10,288,2026-09-16 00:38:07.243598,reported
2747,115,11,255,2026-09-19 00:38:07.243598,reported
2748,115,12,263,2026-08-19 00:38:07.243598,reported
2749,115,13,265,2026-09-13 00:38:07.243598,reported
2750,115,14,280,2026-08-17 00:38:07.243598,reported
2751,115,15,267,2026-09-08 00:38:07.243598,reported
2752,115,16,286,2026-08-26 00:38:07.243598,reported
2753,115,17,301,2026-09-07 00:38:07.243598,reported
2754,115,18,288,2026-09-08 00:38:07.243598,reported
2755,115,19,303,2026-08-05 00:38:07.243598,reported
2756,115,20,285,2026-08-01 00:38:07.243598,reported
2757,115,21,319,2026-08-26 00:38:07.243598,reported
2758,115,22,305,2026-08-16 00:38:07.243598,reported
2759,115,23,305,2026-08-07 00:38:07.243598,reported
2760,115,24,312,2026-09-07 00:38:07.243598,reported
2761,116,1,139,2026-09-21 00:38:07.243598,reported
2762,116,2,137,2026-09-15 00:38:07.243598,reported
2763,116,3,143,2026-09-19 00:38:07.243598,reported
2764,116,4,168,2026-09-12 00:38:07.243598,reported
2765,116,5,159,2026-08-31 00:38:07.243598,reported
2766,116,6,154,2026-07-31 00:38:07.243598,reported
2767,116,7,164,2026-08-16 00:38:07.243598,reported
2768,116,8,163,2026-09-15 00:38:07.243598,reported
2769,116,9,158,2026-09-08 00:38:07.243598,reported
2770,116,10,163,2026-08-30 00:38:07.243598,reported
2771,116,11,170,2026-09-05 00:38:07.243598,reported
2772,116,12,178,2026-08-29 00:38:07.243598,reported
2773,116,13,178,2026-08-22 00:38:07.243598,reported
2774,116,14,173,2026-09-13 00:38:07.243598,reported
2775,116,15,178,2026-09-06 00:38:07.243598,reported
2776,116,16,187,2026-08-24 00:38:07.243598,reported
2777,116,17,175,2026-09-09 00:38:07.243598,reported
2778,116,18,175,2026-09-01 00:38:07.243598,reported
2779,116,19,189,2026-08-31 00:38:07.243598,reported
2780,116,20,168,2026-09-24 00:38:07.243598,reported
2781,116,21,184,2026-09-24 00:38:07.243598,reported
2782,116,22,180,2026-09-03 00:38:07.243598,reported
2783,116,23,191,2026-08-29 00:38:07.243598,reported
2784,116,24,198,2026-09-06 00:38:07.243598,reported
2785,117,1,122,2026-09-23 00:38:07.243598,reported
2786,117,2,125,2026-08-02 00:38:07.243598,reported
2787,117,3,138,2026-08-03 00:38:07.243598,reported
2788,117,4,125,2026-09-01 00:38:07.243598,reported
2789,117,5,137,2026-09-12 00:38:07.243598,reported
2790,117,6,130,2026-08-23 00:38:07.243598,reported
2791,117,7,130,2026-09-13 00:38:07.243598,reported
2792,117,8,124,2026-08-21 00:38:07.243598,reported
2793,117,9,141,2026-08-31 00:38:07.243598,reported
2794,117,10,135,2026-08-12 00:38:07.243598,reported
2795,117,11,143,2026-08-01 00:38:07.243598,reported
2796,117,12,133,2026-09-03 00:38:07.243598,reported
2797,117,13,152,2026-08-01 00:38:07.243598,reported
2798,117,14,144,2026-09-22 00:38:07.243598,reported
2799,117,15,161,2026-09-14 00:38:07.243598,reported
2800,117,16,150,2026-08-02 00:38:07.243598,reported
2801,117,17,146,2026-08-22 00:38:07.243598,reported
2802,117,18,146,2026-08-14 00:38:07.243598,reported
2803,117,19,156,2026-08-21 00:38:07.243598,reported
2804,117,20,142,2026-09-11 00:38:07.243598,reported
2805,117,21,141,2026-09-23 00:38:07.243598,reported
2806,117,22,171,2026-09-05 00:38:07.243598,reported
2807,117,23,162,2026-09-24 00:38:07.243598,reported
2808,117,24,163,2026-08-14 00:38:07.243598,reported
2809,118,1,149,2026-08-20 00:38:07.243598,reported
2810,118,2,153,2026-09-12 00:38:07.243598,reported
2811,118,3,176,2026-09-23 00:38:07.243598,reported
2812,118,4,166,2026-08-05 00:38:07.243598,reported
2813,118,5,162,2026-08-09 00:38:07.243598,reported
2814,118,6,153,2026-08-07 00:38:07.243598,reported
2815,118,7,174,2026-09-13 00:38:07.243598,reported
2816,118,8,177,2026-09-11 00:38:07.243598,reported
2817,118,9,172,2026-09-12 00:38:07.243598,reported
2818,118,10,171,2026-09-02 00:38:07.243598,reported
2819,118,11,179,2026-07-31 00:38:07.243598,reported
2820,118,12,181,2026-08-03 00:38:07.243598,reported
2821,118,13,180,2026-08-15 00:38:07.243598,reported
2822,118,14,177,2026-08-10 00:38:07.243598,reported
2823,118,15,192,2026-08-01 00:38:07.243598,reported
2824,118,16,192,2026-08-08 00:38:07.243598,reported
2825,118,17,201,2026-09-07 00:38:07.243598,reported
2826,118,18,205,2026-08-20 00:38:07.243598,reported
2827,118,19,202,2026-08-23 00:38:07.243598,reported
2828,118,20,211,2026-09-23 00:38:07.243598,reported
2829,118,21,205,2026-08-26 00:38:07.243598,reported
2830,118,22,213,2026-09-01 00:38:07.243598,reported
2831,118,23,208,2026-09-17 00:38:07.243598,reported
2832,118,24,223,2026-08-09 00:38:07.243598,reported
2833,119,1,161,2026-09-23 00:38:07.243598,reported
2834,119,2,171,2026-07-31 00:38:07.243598,reported
2835,119,3,178,2026-08-23 00:38:07.243598,reported
2836,119,4,189,2026-08-28 00:38:07.243598,reported
2837,119,5,175,2026-08-24 00:38:07.243598,reported
2838,119,6,185,2026-08-05 00:38:07.243598,reported
2839,119,7,172,2026-08-12 00:38:07.243598,reported
2840,119,8,205,2026-09-03 00:38:07.243598,reported
2841,119,9,206,2026-08-12 00:38:07.243598,reported
2842,119,10,186,2026-08-30 00:38:07.243598,reported
2843,119,11,191,2026-08-07 00:38:07.243598,reported
2844,119,12,195,2026-09-04 00:38:07.243598,reported
2845,119,13,204,2026-09-07 00:38:07.243598,reported
2846,119,14,204,2026-09-23 00:38:07.243598,reported
2847,119,15,213,2026-08-31 00:38:07.243598,reported
2848,119,16,209,2026-08-11 00:38:07.243598,reported
2849,119,17,218,2026-09-01 00:38:07.243598,reported
2850,119,18,210,2026-09-23 00:38:07.243598,reported
2851,119,19,205,2026-09-05 00:38:07.243598,reported
2852,119,20,216,2026-09-19 00:38:07.243598,reported
2853,119,21,216,2026-08-25 00:38:07.243598,reported
2854,119,22,217,2026-08-25 00:38:07.243598,reported
2855,119,23,220,2026-08-20 00:38:07.243598,reported
2856,119,24,239,2026-08-21 00:38:07.243598,reported
2857,120,1,204,2026-09-01 00:38:07.243598,reported
2858,120,2,209,2026-09-22 00:38:07.243598,reported
2859,120,3,197,2026-09-15 00:38:07.243598,reported
2860,120,4,190,2026-08-01 00:38:07.243598,reported
2861,120,5,209,2026-08-16 00:38:07.243598,reported
2862,120,6,207,2026-08-13 00:38:07.243598,reported
2863,120,7,207,2026-08-26 00:38:07.243598,reported
2864,120,8,217,2026-09-05 00:38:07.243598,reported
2865,120,9,217,2026-09-15 00:38:07.243598,reported
2866,120,10,223,2026-08-26 00:38:07.243598,reported
2867,120,11,222,2026-08-27 00:38:07.243598,reported
2868,120,12,222,2026-09-13 00:38:07.243598,reported
2869,120,13,225,2026-08-01 00:38:07.243598,reported
2870,120,14,245,2026-09-15 00:38:07.243598,reported
2871,120,15,234,2026-08-09 00:38:07.243598,reported
2872,120,16,239,2026-08-21 00:38:07.243598,reported
2873,120,17,248,2026-09-06 00:38:07.243598,reported
2874,120,18,245,2026-07-31 00:38:07.243598,reported
2875,120,19,252,2026-08-07 00:38:07.243598,reported
2876,120,20,248,2026-09-15 00:38:07.243598,reported
2877,120,21,251,2026-09-02 00:38:07.243598,reported
2878,120,22,249,2026-09-04 00:38:07.243598,reported
2879,120,23,269,2026-09-12 00:38:07.243598,reported
2880,120,24,253,2026-08-29 00:38:07.243598,reported
2881,121,1,114,2026-08-01 00:38:07.243598,reported
2882,121,2,123,2026-08-27 00:38:07.243598,reported
2883,121,3,128,2026-08-14 00:38:07.243598,reported
2884,121,4,129,2026-08-29 00:38:07.243598,reported
2885,121,5,129,2026-08-07 00:38:07.243598,reported
2886,121,6,124,2026-08-08 00:38:07.243598,reported
2887,121,7,123,2026-08-17 00:38:07.243598,reported
2888,121,8,126,2026-08-01 00:38:07.243598,reported
2889,121,9,138,2026-09-05 00:38:07.243598,reported
2890,121,10,137,2026-09-24 00:38:07.243598,reported
2891,121,11,136,2026-09-12 00:38:07.243598,reported
2892,121,12,142,2026-08-06 00:38:07.243598,reported
2893,121,13,140,2026-09-15 00:38:07.243598,reported
2894,121,14,137,2026-08-18 00:38:07.243598,reported
2895,121,15,145,2026-08-09 00:38:07.243598,reported
2896,121,16,128,2026-09-17 00:38:07.243598,reported
2897,121,17,151,2026-09-08 00:38:07.243598,reported
2898,121,18,133,2026-08-11 00:38:07.243598,reported
2899,121,19,140,2026-09-22 00:38:07.243598,reported
2900,121,20,146,2026-08-28 00:38:07.243598,reported
2901,121,21,140,2026-09-21 00:38:07.243598,reported
2902,121,22,150,2026-08-05 00:38:07.243598,reported
2903,121,23,168,2026-08-27 00:38:07.243598,reported
2904,121,24,146,2026-08-20 00:38:07.243598,reported
2905,122,1,205,2026-08-11 00:38:07.243598,reported
2906,122,2,209,2026-09-08 00:38:07.243598,reported
2907,122,3,222,2026-09-09 00:38:07.243598,reported
2908,122,4,215,2026-08-25 00:38:07.243598,reported
2909,122,5,228,2026-08-19 00:38:07.243598,reported
2910,122,6,226,2026-08-17 00:38:07.243598,reported
2911,122,7,232,2026-08-22 00:38:07.243598,reported
2912,122,8,216,2026-09-23 00:38:07.243598,reported
2913,122,9,229,2026-08-04 00:38:07.243598,reported
2914,122,10,228,2026-08-28 00:38:07.243598,reported
2915,122,11,224,2026-09-14 00:38:07.243598,reported
2916,122,12,229,2026-09-02 00:38:07.243598,reported
2917,122,13,246,2026-09-23 00:38:07.243598,reported
2918,122,14,235,2026-09-17 00:38:07.243598,reported
2919,122,15,245,2026-08-29 00:38:07.243598,reported
2920,122,16,248,2026-08-01 00:38:07.243598,reported
2921,122,17,268,2026-09-09 00:38:07.243598,reported
2922,122,18,255,2026-09-16 00:38:07.243598,reported
2923,122,19,244,2026-09-22 00:38:07.243598,reported
2924,122,20,268,2026-08-27 00:38:07.243598,reported
2925,122,21,251,2026-08-04 00:38:07.243598,reported
2926,122,22,260,2026-09-08 00:38:07.243598,reported
2927,122,23,260,2026-08-29 00:38:07.243598,reported
2928,122,24,292,2026-08-27 00:38:07.243598,reported
2929,123,1,162,2026-08-28 00:38:07.243598,reported
2930,123,2,160,2026-09-23 00:38:07.243598,reported
2931,123,3,159,2026-08-03 00:38:07.243598,reported
2932,123,4,176,2026-08-19 00:38:07.243598,reported
2933,123,5,172,2026-08-06 00:38:07.243598,reported
2934,123,6,172,2026-08-22 00:38:07.243598,reported
2935,123,7,168,2026-09-15 00:38:07.243598,reported
2936,123,8,158,2026-09-11 00:38:07.243598,reported
2937,123,9,170,2026-09-19 00:38:07.243598,reported
2938,123,10,166,2026-08-30 00:38:07.243598,reported
2939,123,11,187,2026-08-08 00:38:07.243598,reported
2940,123,12,185,2026-09-13 00:38:07.243598,reported
2941,123,13,182,2026-08-08 00:38:07.243598,reported
2942,123,14,181,2026-09-23 00:38:07.243598,reported
2943,123,15,203,2026-09-18 00:38:07.243598,reported
2944,123,16,182,2026-09-04 00:38:07.243598,reported
2945,123,17,209,2026-09-19 00:38:07.243598,reported
2946,123,18,193,2026-09-12 00:38:07.243598,reported
2947,123,19,201,2026-09-20 00:38:07.243598,reported
2948,123,20,218,2026-09-14 00:38:07.243598,reported
2949,123,21,203,2026-08-01 00:38:07.243598,reported
2950,123,22,212,2026-09-13 00:38:07.243598,reported
2951,123,23,219,2026-09-22 00:38:07.243598,reported
2952,123,24,221,2026-09-15 00:38:07.243598,reported
2953,124,1,205,2026-09-02 00:38:07.243598,reported
2954,124,2,211,2026-09-24 00:38:07.243598,reported
2955,124,3,221,2026-08-03 00:38:07.243598,reported
2956,124,4,227,2026-09-04 00:38:07.243598,reported
2957,124,5,220,2026-08-25 00:38:07.243598,reported
2958,124,6,233,2026-08-03 00:38:07.243598,reported
2959,124,7,209,2026-08-08 00:38:07.243598,reported
2960,124,8,223,2026-09-20 00:38:07.243598,reported
2961,124,9,241,2026-08-08 00:38:07.243598,reported
2962,124,10,228,2026-08-19 00:38:07.243598,reported
2963,124,11,251,2026-09-20 00:38:07.243598,reported
2964,124,12,237,2026-08-11 00:38:07.243598,reported
2965,124,13,239,2026-08-22 00:38:07.243598,reported
2966,124,14,248,2026-08-18 00:38:07.243598,reported
2967,124,15,258,2026-08-09 00:38:07.243598,reported
2968,124,16,287,2026-08-10 00:38:07.243598,reported
2969,124,17,242,2026-08-30 00:38:07.243598,reported
2970,124,18,261,2026-09-03 00:38:07.243598,reported
2971,124,19,263,2026-09-24 00:38:07.243598,reported
2972,124,20,276,2026-08-29 00:38:07.243598,reported
2973,124,21,268,2026-08-15 00:38:07.243598,reported
2974,124,22,275,2026-08-16 00:38:07.243598,reported
2975,124,23,278,2026-09-18 00:38:07.243598,reported
2976,124,24,288,2026-09-06 00:38:07.243598,reported
2977,125,1,224,2026-09-23 00:38:07.243598,reported
2978,125,2,229,2026-09-12 00:38:07.243598,reported
2979,125,3,232,2026-09-03 00:38:07.243598,reported
2980,125,4,230,2026-08-05 00:38:07.243598,reported
2981,125,5,237,2026-08-18 00:38:07.243598,reported
2982,125,6,249,2026-08-26 00:38:07.243598,reported
2983,125,7,240,2026-09-16 00:38:07.243598,reported
2984,125,8,232,2026-08-08 00:38:07.243598,reported
2985,125,9,259,2026-09-01 00:38:07.243598,reported
2986,125,10,244,2026-08-15 00:38:07.243598,reported
2987,125,11,262,2026-09-16 00:38:07.243598,reported
2988,125,12,254,2026-08-18 00:38:07.243598,reported
2989,125,13,256,2026-09-13 00:38:07.243598,reported
2990,125,14,249,2026-08-31 00:38:07.243598,reported
2991,125,15,266,2026-09-17 00:38:07.243598,reported
2992,125,16,278,2026-08-20 00:38:07.243598,reported
2993,125,17,270,2026-08-11 00:38:07.243598,reported
2994,125,18,274,2026-08-07 00:38:07.243598,reported
2995,125,19,283,2026-08-12 00:38:07.243598,reported
2996,125,20,285,2026-08-23 00:38:07.243598,reported
2997,125,21,286,2026-08-19 00:38:07.243598,reported
2998,125,22,297,2026-08-10 00:38:07.243598,reported
2999,125,23,280,2026-08-18 00:38:07.243598,reported
3000,125,24,294,2026-09-09 00:38:07.243598,reported
3001,126,1,145,2026-08-22 00:38:07.243598,reported
3002,126,2,160,2026-09-15 00:38:07.243598,reported
3003,126,3,133,2026-09-13 00:38:07.243598,reported
3004,126,4,138,2026-07-31 00:38:07.243598,reported
3005,126,5,144,2026-08-02 00:38:07.243598,reported
3006,126,6,146,2026-09-22 00:38:07.243598,reported
3007,126,7,165,2026-08-03 00:38:07.243598,reported
3008,126,8,153,2026-09-05 00:38:07.243598,reported
3009,126,9,141,2026-08-17 00:38:07.243598,reported
3010,126,10,160,2026-08-07 00:38:07.243598,reported
3011,126,11,156,2026-08-24 00:38:07.243598,reported
3012,126,12,164,2026-08-20 00:38:07.243598,reported
3013,126,13,161,2026-08-30 00:38:07.243598,reported
3014,126,14,160,2026-08-08 00:38:07.243598,reported
3015,126,15,164,2026-09-19 00:38:07.243598,reported
3016,126,16,177,2026-09-14 00:38:07.243598,reported
3017,126,17,161,2026-09-23 00:38:07.243598,reported
3018,126,18,186,2026-09-02 00:38:07.243598,reported
3019,126,19,184,2026-08-07 00:38:07.243598,reported
3020,126,20,186,2026-08-30 00:38:07.243598,reported
3021,126,21,183,2026-09-23 00:38:07.243598,reported
3022,126,22,187,2026-08-22 00:38:07.243598,reported
3023,126,23,194,2026-09-22 00:38:07.243598,reported
3024,126,24,191,2026-08-06 00:38:07.243598,reported
3025,127,1,159,2026-09-13 00:38:07.243598,reported
3026,127,2,153,2026-09-09 00:38:07.243598,reported
3027,127,3,147,2026-09-09 00:38:07.243598,reported
3028,127,4,158,2026-08-12 00:38:07.243598,reported
3029,127,5,165,2026-08-29 00:38:07.243598,reported
3030,127,6,169,2026-08-30 00:38:07.243598,reported
3031,127,7,177,2026-08-01 00:38:07.243598,reported
3032,127,8,159,2026-09-05 00:38:07.243598,reported
3033,127,9,166,2026-09-24 00:38:07.243598,reported
3034,127,10,176,2026-08-15 00:38:07.243598,reported
3035,127,11,167,2026-08-22 00:38:07.243598,reported
3036,127,12,166,2026-08-07 00:38:07.243598,reported
3037,127,13,170,2026-08-18 00:38:07.243598,reported
3038,127,14,183,2026-09-09 00:38:07.243598,reported
3039,127,15,175,2026-08-17 00:38:07.243598,reported
3040,127,16,190,2026-09-02 00:38:07.243598,reported
3041,127,17,201,2026-09-16 00:38:07.243598,reported
3042,127,18,189,2026-09-02 00:38:07.243598,reported
3043,127,19,178,2026-08-04 00:38:07.243598,reported
3044,127,20,200,2026-08-13 00:38:07.243598,reported
3045,127,21,191,2026-09-11 00:38:07.243598,reported
3046,127,22,203,2026-08-21 00:38:07.243598,reported
3047,127,23,194,2026-08-30 00:38:07.243598,reported
3048,127,24,193,2026-08-13 00:38:07.243598,reported
3049,128,1,203,2026-08-04 00:38:07.243598,reported
3050,128,2,193,2026-08-18 00:38:07.243598,reported
3051,128,3,214,2026-08-26 00:38:07.243598,reported
3052,128,4,224,2026-08-26 00:38:07.243598,reported
3053,128,5,223,2026-08-16 00:38:07.243598,reported
3054,128,6,207,2026-09-23 00:38:07.243598,reported
3055,128,7,239,2026-08-24 00:38:07.243598,reported
3056,128,8,235,2026-08-30 00:38:07.243598,reported
3057,128,9,225,2026-08-12 00:38:07.243598,reported
3058,128,10,234,2026-08-27 00:38:07.243598,reported
3059,128,11,238,2026-08-10 00:38:07.243598,reported
3060,128,12,234,2026-08-05 00:38:07.243598,reported
3061,128,13,234,2026-08-16 00:38:07.243598,reported
3062,128,14,238,2026-07-31 00:38:07.243598,reported
3063,128,15,253,2026-08-11 00:38:07.243598,reported
3064,128,16,253,2026-09-04 00:38:07.243598,reported
3065,128,17,261,2026-08-22 00:38:07.243598,reported
3066,128,18,274,2026-08-15 00:38:07.243598,reported
3067,128,19,259,2026-08-19 00:38:07.243598,reported
3068,128,20,259,2026-09-04 00:38:07.243598,reported
3069,128,21,270,2026-09-22 00:38:07.243598,reported
3070,128,22,286,2026-09-01 00:38:07.243598,reported
3071,128,23,282,2026-07-31 00:38:07.243598,reported
3072,128,24,271,2026-09-11 00:38:07.243598,reported
3073,129,1,221,2026-08-31 00:38:07.243598,reported
3074,129,2,218,2026-08-09 00:38:07.243598,reported
3075,129,3,213,2026-09-11 00:38:07.243598,reported
3076,129,4,227,2026-09-14 00:38:07.243598,reported
3077,129,5,242,2026-09-07 00:38:07.243598,reported
3078,129,6,225,2026-09-16 00:38:07.243598,reported
3079,129,7,226,2026-09-07 00:38:07.243598,reported
3080,129,8,229,2026-08-09 00:38:07.243598,reported
3081,129,9,249,2026-08-30 00:38:07.243598,reported
3082,129,10,248,2026-08-11 00:38:07.243598,reported
3083,129,11,246,2026-09-05 00:38:07.243598,reported
3084,129,12,245,2026-08-31 00:38:07.243598,reported
3085,129,13,263,2026-08-09 00:38:07.243598,reported
3086,129,14,256,2026-09-05 00:38:07.243598,reported
3087,129,15,269,2026-08-07 00:38:07.243598,reported
3088,129,16,255,2026-08-20 00:38:07.243598,reported
3089,129,17,263,2026-09-16 00:38:07.243598,reported
3090,129,18,275,2026-08-16 00:38:07.243598,reported
3091,129,19,273,2026-08-10 00:38:07.243598,reported
3092,129,20,284,2026-08-08 00:38:07.243598,reported
3093,129,21,292,2026-08-14 00:38:07.243598,reported
3094,129,22,284,2026-09-18 00:38:07.243598,reported
3095,129,23,288,2026-08-29 00:38:07.243598,reported
3096,129,24,290,2026-09-08 00:38:07.243598,reported
3097,130,1,154,2026-08-11 00:38:07.243598,reported
3098,130,2,157,2026-09-18 00:38:07.243598,reported
3099,130,3,160,2026-08-09 00:38:07.243598,reported
3100,130,4,149,2026-08-09 00:38:07.243598,reported
3101,130,5,155,2026-08-23 00:38:07.243598,reported
3102,130,6,153,2026-08-06 00:38:07.243598,reported
3103,130,7,172,2026-09-06 00:38:07.243598,reported
3104,130,8,174,2026-07-31 00:38:07.243598,reported
3105,130,9,173,2026-09-03 00:38:07.243598,reported
3106,130,10,169,2026-09-07 00:38:07.243598,reported
3107,130,11,167,2026-08-12 00:38:07.243598,reported
3108,130,12,172,2026-08-29 00:38:07.243598,reported
3109,130,13,181,2026-08-05 00:38:07.243598,reported
3110,130,14,185,2026-08-05 00:38:07.243598,reported
3111,130,15,192,2026-09-11 00:38:07.243598,reported
3112,130,16,191,2026-09-24 00:38:07.243598,reported
3113,130,17,195,2026-08-31 00:38:07.243598,reported
3114,130,18,183,2026-09-06 00:38:07.243598,reported
3115,130,19,200,2026-08-12 00:38:07.243598,reported
3116,130,20,202,2026-09-07 00:38:07.243598,reported
3117,130,21,197,2026-09-05 00:38:07.243598,reported
3118,130,22,189,2026-08-28 00:38:07.243598,reported
3119,130,23,218,2026-08-19 00:38:07.243598,reported
3120,130,24,210,2026-08-20 00:38:07.243598,reported
3121,131,1,83,2026-08-24 00:38:07.243598,reported
3122,131,2,105,2026-08-28 00:38:07.243598,reported
3123,131,3,114,2026-08-06 00:38:07.243598,reported
3124,131,4,107,2026-08-20 00:38:07.243598,reported
3125,131,5,96,2026-07-31 00:38:07.243598,reported
3126,131,6,106,2026-08-12 00:38:07.243598,reported
3127,131,7,91,2026-09-24 00:38:07.243598,reported
3128,131,8,105,2026-08-13 00:38:07.243598,reported
3129,131,9,129,2026-09-14 00:38:07.243598,reported
3130,131,10,103,2026-08-16 00:38:07.243598,reported
3131,131,11,114,2026-08-13 00:38:07.243598,reported
3132,131,12,110,2026-08-05 00:38:07.243598,reported
3133,131,13,113,2026-08-29 00:38:07.243598,reported
3134,131,14,135,2026-09-07 00:38:07.243598,reported
3135,131,15,111,2026-08-02 00:38:07.243598,reported
3136,131,16,126,2026-08-06 00:38:07.243598,reported
3137,131,17,132,2026-08-31 00:38:07.243598,reported
3138,131,18,122,2026-08-25 00:38:07.243598,reported
3139,131,19,114,2026-09-06 00:38:07.243598,reported
3140,131,20,121,2026-09-20 00:38:07.243598,reported
3141,131,21,120,2026-09-05 00:38:07.243598,reported
3142,131,22,118,2026-08-07 00:38:07.243598,reported
3143,131,23,123,2026-09-16 00:38:07.243598,reported
3144,131,24,144,2026-08-05 00:38:07.243598,reported
3145,132,1,183,2026-08-11 00:38:07.243598,reported
3146,132,2,213,2026-09-20 00:38:07.243598,reported
3147,132,3,213,2026-09-23 00:38:07.243598,reported
3148,132,4,209,2026-08-05 00:38:07.243598,reported
3149,132,5,198,2026-08-17 00:38:07.243598,reported
3150,132,6,218,2026-08-19 00:38:07.243598,reported
3151,132,7,234,2026-09-11 00:38:07.243598,reported
3152,132,8,204,2026-08-03 00:38:07.243598,reported
3153,132,9,232,2026-08-23 00:38:07.243598,reported
3154,132,10,243,2026-08-20 00:38:07.243598,reported
3155,132,11,235,2026-09-09 00:38:07.243598,reported
3156,132,12,241,2026-09-19 00:38:07.243598,reported
3157,132,13,242,2026-09-13 00:38:07.243598,reported
3158,132,14,238,2026-09-22 00:38:07.243598,reported
3159,132,15,240,2026-08-28 00:38:07.243598,reported
3160,132,16,244,2026-09-20 00:38:07.243598,reported
3161,132,17,252,2026-09-02 00:38:07.243598,reported
3162,132,18,264,2026-08-27 00:38:07.243598,reported
3163,132,19,248,2026-08-17 00:38:07.243598,reported
3164,132,20,249,2026-09-13 00:38:07.243598,reported
3165,132,21,253,2026-08-17 00:38:07.243598,reported
3166,132,22,255,2026-08-10 00:38:07.243598,reported
3167,132,23,253,2026-08-02 00:38:07.243598,reported
3168,132,24,274,2026-09-22 00:38:07.243598,reported
3169,133,1,147,2026-09-06 00:38:07.243598,reported
3170,133,2,140,2026-08-12 00:38:07.243598,reported
3171,133,3,124,2026-08-19 00:38:07.243598,reported
3172,133,4,129,2026-09-21 00:38:07.243598,reported
3173,133,5,162,2026-08-26 00:38:07.243598,reported
3174,133,6,148,2026-08-18 00:38:07.243598,reported
3175,133,7,145,2026-09-13 00:38:07.243598,reported
3176,133,8,161,2026-09-02 00:38:07.243598,reported
3177,133,9,158,2026-08-02 00:38:07.243598,reported
3178,133,10,163,2026-08-03 00:38:07.243598,reported
3179,133,11,165,2026-08-08 00:38:07.243598,reported
3180,133,12,171,2026-08-27 00:38:07.243598,reported
3181,133,13,168,2026-08-08 00:38:07.243598,reported
3182,133,14,156,2026-08-01 00:38:07.243598,reported
3183,133,15,169,2026-09-08 00:38:07.243598,reported
3184,133,16,173,2026-08-21 00:38:07.243598,reported
3185,133,17,178,2026-09-21 00:38:07.243598,reported
3186,133,18,168,2026-09-09 00:38:07.243598,reported
3187,133,19,177,2026-08-18 00:38:07.243598,reported
3188,133,20,184,2026-08-15 00:38:07.243598,reported
3189,133,21,182,2026-09-08 00:38:07.243598,reported
3190,133,22,188,2026-09-04 00:38:07.243598,reported
3191,133,23,184,2026-09-15 00:38:07.243598,reported
3192,133,24,198,2026-09-02 00:38:07.243598,reported
3193,134,1,163,2026-08-13 00:38:07.243598,reported
3194,134,2,160,2026-09-17 00:38:07.243598,reported
3195,134,3,160,2026-08-24 00:38:07.243598,reported
3196,134,4,167,2026-08-05 00:38:07.243598,reported
3197,134,5,150,2026-08-19 00:38:07.243598,reported
3198,134,6,171,2026-09-08 00:38:07.243598,reported
3199,134,7,158,2026-09-17 00:38:07.243598,reported
3200,134,8,176,2026-09-07 00:38:07.243598,reported
3201,134,9,182,2026-09-12 00:38:07.243598,reported
3202,134,10,190,2026-08-21 00:38:07.243598,reported
3203,134,11,187,2026-08-18 00:38:07.243598,reported
3204,134,12,184,2026-09-11 00:38:07.243598,reported
3205,134,13,197,2026-09-22 00:38:07.243598,reported
3206,134,14,188,2026-08-18 00:38:07.243598,reported
3207,134,15,194,2026-08-17 00:38:07.243598,reported
3208,134,16,183,2026-08-08 00:38:07.243598,reported
3209,134,17,201,2026-08-01 00:38:07.243598,reported
3210,134,18,203,2026-08-05 00:38:07.243598,reported
3211,134,19,202,2026-08-07 00:38:07.243598,reported
3212,134,20,205,2026-08-27 00:38:07.243598,reported
3213,134,21,203,2026-09-17 00:38:07.243598,reported
3214,134,22,210,2026-09-05 00:38:07.243598,reported
3215,134,23,193,2026-08-21 00:38:07.243598,reported
3216,134,24,219,2026-09-19 00:38:07.243598,reported
3217,135,1,157,2026-09-16 00:38:07.243598,reported
3218,135,2,150,2026-09-03 00:38:07.243598,reported
3219,135,3,167,2026-09-21 00:38:07.243598,reported
3220,135,4,161,2026-09-13 00:38:07.243598,reported
3221,135,5,159,2026-09-10 00:38:07.243598,reported
3222,135,6,175,2026-09-19 00:38:07.243598,reported
3223,135,7,159,2026-08-01 00:38:07.243598,reported
3224,135,8,137,2026-08-19 00:38:07.243598,reported
3225,135,9,162,2026-08-14 00:38:07.243598,reported
3226,135,10,178,2026-08-28 00:38:07.243598,reported
3227,135,11,177,2026-08-05 00:38:07.243598,reported
3228,135,12,175,2026-09-02 00:38:07.243598,reported
3229,135,13,183,2026-09-05 00:38:07.243598,reported
3230,135,14,184,2026-09-23 00:38:07.243598,reported
3231,135,15,177,2026-08-01 00:38:07.243598,reported
3232,135,16,190,2026-09-21 00:38:07.243598,reported
3233,135,17,187,2026-09-22 00:38:07.243598,reported
3234,135,18,194,2026-08-05 00:38:07.243598,reported
3235,135,19,190,2026-09-14 00:38:07.243598,reported
3236,135,20,207,2026-09-06 00:38:07.243598,reported
3237,135,21,193,2026-08-26 00:38:07.243598,reported
3238,135,22,210,2026-09-14 00:38:07.243598,reported
3239,135,23,213,2026-08-23 00:38:07.243598,reported
3240,135,24,191,2026-09-08 00:38:07.243598,reported
3241,136,1,178,2026-09-01 00:38:07.243598,reported
3242,136,2,187,2026-08-06 00:38:07.243598,reported
3243,136,3,189,2026-08-15 00:38:07.243598,reported
3244,136,4,183,2026-08-28 00:38:07.243598,reported
3245,136,5,194,2026-09-21 00:38:07.243598,reported
3246,136,6,185,2026-09-24 00:38:07.243598,reported
3247,136,7,196,2026-08-27 00:38:07.243598,reported
3248,136,8,187,2026-08-08 00:38:07.243598,reported
3249,136,9,198,2026-08-16 00:38:07.243598,reported
3250,136,10,203,2026-09-04 00:38:07.243598,reported
3251,136,11,220,2026-08-17 00:38:07.243598,reported
3252,136,12,192,2026-09-11 00:38:07.243598,reported
3253,136,13,214,2026-09-24 00:38:07.243598,reported
3254,136,14,192,2026-08-07 00:38:07.243598,reported
3255,136,15,213,2026-08-29 00:38:07.243598,reported
3256,136,16,215,2026-08-12 00:38:07.243598,reported
3257,136,17,239,2026-09-06 00:38:07.243598,reported
3258,136,18,222,2026-08-12 00:38:07.243598,reported
3259,136,19,213,2026-08-11 00:38:07.243598,reported
3260,136,20,233,2026-08-15 00:38:07.243598,reported
3261,136,21,234,2026-08-27 00:38:07.243598,reported
3262,136,22,232,2026-09-03 00:38:07.243598,reported
3263,136,23,242,2026-09-01 00:38:07.243598,reported
3264,136,24,238,2026-09-03 00:38:07.243598,reported
3265,137,1,130,2026-09-09 00:38:07.243598,reported
3266,137,2,129,2026-08-13 00:38:07.243598,reported
3267,137,3,135,2026-08-02 00:38:07.243598,reported
3268,137,4,134,2026-08-05 00:38:07.243598,reported
3269,137,5,135,2026-08-02 00:38:07.243598,reported
3270,137,6,127,2026-09-01 00:38:07.243598,reported
3271,137,7,150,2026-09-15 00:38:07.243598,reported
3272,137,8,137,2026-08-04 00:38:07.243598,reported
3273,137,9,145,2026-08-15 00:38:07.243598,reported
3274,137,10,140,2026-08-05 00:38:07.243598,reported
3275,137,11,153,2026-09-13 00:38:07.243598,reported
3276,137,12,135,2026-08-20 00:38:07.243598,reported
3277,137,13,151,2026-08-23 00:38:07.243598,reported
3278,137,14,160,2026-08-28 00:38:07.243598,reported
3279,137,15,154,2026-09-17 00:38:07.243598,reported
3280,137,16,144,2026-08-30 00:38:07.243598,reported
3281,137,17,154,2026-08-30 00:38:07.243598,reported
3282,137,18,169,2026-08-05 00:38:07.243598,reported
3283,137,19,157,2026-08-15 00:38:07.243598,reported
3284,137,20,155,2026-07-31 00:38:07.243598,reported
3285,137,21,151,2026-09-16 00:38:07.243598,reported
3286,137,22,155,2026-08-05 00:38:07.243598,reported
3287,137,23,170,2026-08-18 00:38:07.243598,reported
3288,137,24,169,2026-08-24 00:38:07.243598,reported
3289,138,1,102,2026-08-05 00:38:07.243598,reported
3290,138,2,99,2026-09-23 00:38:07.243598,reported
3291,138,3,88,2026-09-18 00:38:07.243598,reported
3292,138,4,99,2026-09-06 00:38:07.243598,reported
3293,138,5,90,2026-08-28 00:38:07.243598,reported
3294,138,6,107,2026-08-12 00:38:07.243598,reported
3295,138,7,110,2026-09-04 00:38:07.243598,reported
3296,138,8,97,2026-09-03 00:38:07.243598,reported
3297,138,9,89,2026-08-09 00:38:07.243598,reported
3298,138,10,114,2026-08-19 00:38:07.243598,reported
3299,138,11,100,2026-08-19 00:38:07.243598,reported
3300,138,12,113,2026-08-08 00:38:07.243598,reported
3301,138,13,106,2026-08-07 00:38:07.243598,reported
3302,138,14,104,2026-08-30 00:38:07.243598,reported
3303,138,15,96,2026-09-03 00:38:07.243598,reported
3304,138,16,118,2026-09-04 00:38:07.243598,reported
3305,138,17,125,2026-09-16 00:38:07.243598,reported
3306,138,18,121,2026-08-28 00:38:07.243598,reported
3307,138,19,108,2026-08-04 00:38:07.243598,reported
3308,138,20,123,2026-08-18 00:38:07.243598,reported
3309,138,21,126,2026-08-29 00:38:07.243598,reported
3310,138,22,131,2026-09-07 00:38:07.243598,reported
3311,138,23,125,2026-08-17 00:38:07.243598,reported
3312,138,24,127,2026-09-23 00:38:07.243598,reported
3313,139,1,178,2026-08-19 00:38:07.243598,reported
3314,139,2,182,2026-08-05 00:38:07.243598,reported
3315,139,3,182,2026-08-02 00:38:07.243598,reported
3316,139,4,194,2026-08-05 00:38:07.243598,reported
3317,139,5,201,2026-08-10 00:38:07.243598,reported
3318,139,6,197,2026-09-24 00:38:07.243598,reported
3319,139,7,204,2026-08-23 00:38:07.243598,reported
3320,139,8,218,2026-09-06 00:38:07.243598,reported
3321,139,9,195,2026-09-12 00:38:07.243598,reported
3322,139,10,206,2026-09-10 00:38:07.243598,reported
3323,139,11,212,2026-09-22 00:38:07.243598,reported
3324,139,12,204,2026-08-15 00:38:07.243598,reported
3325,139,13,204,2026-09-16 00:38:07.243598,reported
3326,139,14,214,2026-08-27 00:38:07.243598,reported
3327,139,15,224,2026-08-12 00:38:07.243598,reported
3328,139,16,217,2026-08-15 00:38:07.243598,reported
3329,139,17,221,2026-09-23 00:38:07.243598,reported
3330,139,18,218,2026-08-07 00:38:07.243598,reported
3331,139,19,231,2026-08-10 00:38:07.243598,reported
3332,139,20,231,2026-08-05 00:38:07.243598,reported
3333,139,21,235,2026-09-13 00:38:07.243598,reported
3334,139,22,242,2026-09-20 00:38:07.243598,reported
3335,139,23,239,2026-08-24 00:38:07.243598,reported
3336,139,24,246,2026-08-07 00:38:07.243598,reported
3337,140,1,113,2026-09-17 00:38:07.243598,reported
3338,140,2,103,2026-09-13 00:38:07.243598,reported
3339,140,3,108,2026-08-10 00:38:07.243598,reported
3340,140,4,119,2026-08-11 00:38:07.243598,reported
3341,140,5,127,2026-09-01 00:38:07.243598,reported
3342,140,6,121,2026-09-06 00:38:07.243598,reported
3343,140,7,116,2026-08-07 00:38:07.243598,reported
3344,140,8,117,2026-08-12 00:38:07.243598,reported
3345,140,9,116,2026-09-21 00:38:07.243598,reported
3346,140,10,129,2026-08-31 00:38:07.243598,reported
3347,140,11,122,2026-09-04 00:38:07.243598,reported
3348,140,12,130,2026-09-08 00:38:07.243598,reported
3349,140,13,124,2026-08-05 00:38:07.243598,reported
3350,140,14,141,2026-09-23 00:38:07.243598,reported
3351,140,15,119,2026-09-09 00:38:07.243598,reported
3352,140,16,132,2026-08-13 00:38:07.243598,reported
3353,140,17,132,2026-08-23 00:38:07.243598,reported
3354,140,18,133,2026-08-22 00:38:07.243598,reported
3355,140,19,119,2026-08-20 00:38:07.243598,reported
3356,140,20,135,2026-08-25 00:38:07.243598,reported
3357,140,21,146,2026-08-08 00:38:07.243598,reported
3358,140,22,133,2026-07-31 00:38:07.243598,reported
3359,140,23,147,2026-09-19 00:38:07.243598,reported
3360,140,24,137,2026-08-15 00:38:07.243598,reported
3361,141,1,206,2026-08-02 00:38:07.243598,reported
3362,141,2,227,2026-09-02 00:38:07.243598,reported
3363,141,3,226,2026-09-19 00:38:07.243598,reported
3364,141,4,228,2026-08-13 00:38:07.243598,reported
3365,141,5,231,2026-08-11 00:38:07.243598,reported
3366,141,6,244,2026-09-07 00:38:07.243598,reported
3367,141,7,229,2026-08-09 00:38:07.243598,reported
3368,141,8,242,2026-08-23 00:38:07.243598,reported
3369,141,9,252,2026-08-05 00:38:07.243598,reported
3370,141,10,247,2026-09-08 00:38:07.243598,reported
3371,141,11,236,2026-08-18 00:38:07.243598,reported
3372,141,12,264,2026-08-05 00:38:07.243598,reported
3373,141,13,252,2026-08-12 00:38:07.243598,reported
3374,141,14,260,2026-08-20 00:38:07.243598,reported
3375,141,15,270,2026-08-31 00:38:07.243598,reported
3376,141,16,261,2026-08-11 00:38:07.243598,reported
3377,141,17,286,2026-09-02 00:38:07.243598,reported
3378,141,18,269,2026-08-11 00:38:07.243598,reported
3379,141,19,273,2026-09-07 00:38:07.243598,reported
3380,141,20,278,2026-09-18 00:38:07.243598,reported
3381,141,21,292,2026-09-05 00:38:07.243598,reported
3382,141,22,281,2026-09-15 00:38:07.243598,reported
3383,141,23,289,2026-09-24 00:38:07.243598,reported
3384,141,24,289,2026-08-27 00:38:07.243598,reported
3385,142,1,89,2026-09-20 00:38:07.243598,reported
3386,142,2,91,2026-08-06 00:38:07.243598,reported
3387,142,3,99,2026-08-11 00:38:07.243598,reported
3388,142,4,89,2026-08-16 00:38:07.243598,reported
3389,142,5,87,2026-09-15 00:38:07.243598,reported
3390,142,6,97,2026-09-08 00:38:07.243598,reported
3391,142,7,87,2026-08-02 00:38:07.243598,reported
3392,142,8,89,2026-09-10 00:38:07.243598,reported
3393,142,9,110,2026-08-08 00:38:07.243598,reported
3394,142,10,106,2026-08-09 00:38:07.243598,reported
3395,142,11,113,2026-09-19 00:38:07.243598,reported
3396,142,12,107,2026-08-19 00:38:07.243598,reported
3397,142,13,113,2026-08-10 00:38:07.243598,reported
3398,142,14,102,2026-08-08 00:38:07.243598,reported
3399,142,15,114,2026-08-13 00:38:07.243598,reported
3400,142,16,109,2026-09-05 00:38:07.243598,reported
3401,142,17,111,2026-09-01 00:38:07.243598,reported
3402,142,18,109,2026-08-30 00:38:07.243598,reported
3403,142,19,117,2026-08-15 00:38:07.243598,reported
3404,142,20,120,2026-08-26 00:38:07.243598,reported
3405,142,21,123,2026-08-20 00:38:07.243598,reported
3406,142,22,122,2026-08-03 00:38:07.243598,reported
3407,142,23,123,2026-09-05 00:38:07.243598,reported
3408,142,24,136,2026-08-23 00:38:07.243598,reported
3409,143,1,229,2026-09-03 00:38:07.243598,reported
3410,143,2,248,2026-08-24 00:38:07.243598,reported
3411,143,3,245,2026-08-02 00:38:07.243598,reported
3412,143,4,246,2026-08-07 00:38:07.243598,reported
3413,143,5,242,2026-08-25 00:38:07.243598,reported
3414,143,6,250,2026-08-08 00:38:07.243598,reported
3415,143,7,268,2026-09-03 00:38:07.243598,reported
3416,143,8,255,2026-08-21 00:38:07.243598,reported
3417,143,9,263,2026-08-06 00:38:07.243598,reported
3418,143,10,273,2026-08-06 00:38:07.243598,reported
3419,143,11,259,2026-08-30 00:38:07.243598,reported
3420,143,12,263,2026-09-22 00:38:07.243598,reported
3421,143,13,266,2026-09-06 00:38:07.243598,reported
3422,143,14,290,2026-08-25 00:38:07.243598,reported
3423,143,15,286,2026-09-24 00:38:07.243598,reported
3424,143,16,282,2026-08-17 00:38:07.243598,reported
3425,143,17,287,2026-08-26 00:38:07.243598,reported
3426,143,18,288,2026-08-28 00:38:07.243598,reported
3427,143,19,299,2026-08-10 00:38:07.243598,reported
3428,143,20,295,2026-08-17 00:38:07.243598,reported
3429,143,21,286,2026-08-27 00:38:07.243598,reported
3430,143,22,310,2026-08-20 00:38:07.243598,reported
3431,143,23,310,2026-09-23 00:38:07.243598,reported
3432,143,24,325,2026-08-23 00:38:07.243598,reported
3433,144,1,147,2026-09-10 00:38:07.243598,reported
3434,144,2,157,2026-08-29 00:38:07.243598,reported
3435,144,3,151,2026-09-16 00:38:07.243598,reported
3436,144,4,143,2026-09-03 00:38:07.243598,reported
3437,144,5,155,2026-08-29 00:38:07.243598,reported
3438,144,6,152,2026-09-22 00:38:07.243598,reported
3439,144,7,162,2026-08-02 00:38:07.243598,reported
3440,144,8,169,2026-09-23 00:38:07.243598,reported
3441,144,9,158,2026-08-12 00:38:07.243598,reported
3442,144,10,173,2026-09-11 00:38:07.243598,reported
3443,144,11,167,2026-09-12 00:38:07.243598,reported
3444,144,12,178,2026-08-11 00:38:07.243598,reported
3445,144,13,166,2026-09-15 00:38:07.243598,reported
3446,144,14,177,2026-09-09 00:38:07.243598,reported
3447,144,15,182,2026-09-05 00:38:07.243598,reported
3448,144,16,188,2026-08-15 00:38:07.243598,reported
3449,144,17,176,2026-08-03 00:38:07.243598,reported
3450,144,18,191,2026-08-02 00:38:07.243598,reported
3451,144,19,174,2026-09-08 00:38:07.243598,reported
3452,144,20,170,2026-08-26 00:38:07.243598,reported
3453,144,21,196,2026-09-13 00:38:07.243598,reported
3454,144,22,208,2026-08-19 00:38:07.243598,reported
3455,144,23,197,2026-09-12 00:38:07.243598,reported
3456,144,24,191,2026-08-23 00:38:07.243598,reported
3457,145,1,161,2026-08-18 00:38:07.243598,reported
3458,145,2,153,2026-09-11 00:38:07.243598,reported
3459,145,3,164,2026-08-11 00:38:07.243598,reported
3460,145,4,155,2026-08-24 00:38:07.243598,reported
3461,145,5,154,2026-08-19 00:38:07.243598,reported
3462,145,6,153,2026-08-14 00:38:07.243598,reported
3463,145,7,168,2026-09-22 00:38:07.243598,reported
3464,145,8,174,2026-08-26 00:38:07.243598,reported
3465,145,9,157,2026-08-30 00:38:07.243598,reported
3466,145,10,174,2026-09-06 00:38:07.243598,reported
3467,145,11,171,2026-08-04 00:38:07.243598,reported
3468,145,12,187,2026-08-09 00:38:07.243598,reported
3469,145,13,184,2026-08-21 00:38:07.243598,reported
3470,145,14,188,2026-08-08 00:38:07.243598,reported
3471,145,15,191,2026-09-08 00:38:07.243598,reported
3472,145,16,173,2026-07-31 00:38:07.243598,reported
3473,145,17,187,2026-08-20 00:38:07.243598,reported
3474,145,18,197,2026-09-01 00:38:07.243598,reported
3475,145,19,203,2026-09-23 00:38:07.243598,reported
3476,145,20,201,2026-09-08 00:38:07.243598,reported
3477,145,21,197,2026-08-19 00:38:07.243598,reported
3478,145,22,205,2026-09-03 00:38:07.243598,reported
3479,145,23,207,2026-08-16 00:38:07.243598,reported
3480,145,24,213,2026-08-26 00:38:07.243598,reported
3481,146,1,169,2026-08-01 00:38:07.243598,reported
3482,146,2,156,2026-09-10 00:38:07.243598,reported
3483,146,3,158,2026-08-19 00:38:07.243598,reported
3484,146,4,167,2026-09-01 00:38:07.243598,reported
3485,146,5,170,2026-09-22 00:38:07.243598,reported
3486,146,6,161,2026-09-22 00:38:07.243598,reported
3487,146,7,160,2026-08-16 00:38:07.243598,reported
3488,146,8,187,2026-09-12 00:38:07.243598,reported
3489,146,9,170,2026-08-23 00:38:07.243598,reported
3490,146,10,184,2026-09-18 00:38:07.243598,reported
3491,146,11,182,2026-08-04 00:38:07.243598,reported
3492,146,12,181,2026-09-06 00:38:07.243598,reported
3493,146,13,186,2026-09-11 00:38:07.243598,reported
3494,146,14,174,2026-08-08 00:38:07.243598,reported
3495,146,15,206,2026-09-21 00:38:07.243598,reported
3496,146,16,187,2026-08-20 00:38:07.243598,reported
3497,146,17,197,2026-08-14 00:38:07.243598,reported
3498,146,18,185,2026-08-04 00:38:07.243598,reported
3499,146,19,197,2026-09-23 00:38:07.243598,reported
3500,146,20,196,2026-08-20 00:38:07.243598,reported
3501,146,21,193,2026-08-29 00:38:07.243598,reported
3502,146,22,201,2026-08-04 00:38:07.243598,reported
3503,146,23,202,2026-08-06 00:38:07.243598,reported
3504,146,24,206,2026-09-24 00:38:07.243598,reported
3505,147,1,116,2026-09-15 00:38:07.243598,reported
3506,147,2,125,2026-08-18 00:38:07.243598,reported
3507,147,3,118,2026-08-12 00:38:07.243598,reported
3508,147,4,118,2026-08-07 00:38:07.243598,reported
3509,147,5,126,2026-08-07 00:38:07.243598,reported
3510,147,6,122,2026-08-14 00:38:07.243598,reported
3511,147,7,134,2026-08-27 00:38:07.243598,reported
3512,147,8,118,2026-08-09 00:38:07.243598,reported
3513,147,9,127,2026-09-14 00:38:07.243598,reported
3514,147,10,132,2026-09-14 00:38:07.243598,reported
3515,147,11,132,2026-08-22 00:38:07.243598,reported
3516,147,12,137,2026-09-11 00:38:07.243598,reported
3517,147,13,129,2026-09-02 00:38:07.243598,reported
3518,147,14,150,2026-08-15 00:38:07.243598,reported
3519,147,15,149,2026-09-23 00:38:07.243598,reported
3520,147,16,156,2026-08-14 00:38:07.243598,reported
3521,147,17,152,2026-09-02 00:38:07.243598,reported
3522,147,18,157,2026-08-11 00:38:07.243598,reported
3523,147,19,145,2026-08-06 00:38:07.243598,reported
3524,147,20,144,2026-09-14 00:38:07.243598,reported
3525,147,21,145,2026-08-15 00:38:07.243598,reported
3526,147,22,150,2026-09-22 00:38:07.243598,reported
3527,147,23,155,2026-09-06 00:38:07.243598,reported
3528,147,24,153,2026-08-28 00:38:07.243598,reported
3529,148,1,160,2026-08-17 00:38:07.243598,reported
3530,148,2,179,2026-09-08 00:38:07.243598,reported
3531,148,3,171,2026-09-11 00:38:07.243598,reported
3532,148,4,170,2026-08-01 00:38:07.243598,reported
3533,148,5,173,2026-09-10 00:38:07.243598,reported
3534,148,6,184,2026-09-10 00:38:07.243598,reported
3535,148,7,179,2026-09-20 00:38:07.243598,reported
3536,148,8,188,2026-08-03 00:38:07.243598,reported
3537,148,9,188,2026-08-25 00:38:07.243598,reported
3538,148,10,189,2026-09-18 00:38:07.243598,reported
3539,148,11,202,2026-08-06 00:38:07.243598,reported
3540,148,12,188,2026-09-14 00:38:07.243598,reported
3541,148,13,190,2026-09-01 00:38:07.243598,reported
3542,148,14,200,2026-08-01 00:38:07.243598,reported
3543,148,15,206,2026-08-26 00:38:07.243598,reported
3544,148,16,198,2026-08-05 00:38:07.243598,reported
3545,148,17,198,2026-08-11 00:38:07.243598,reported
3546,148,18,209,2026-08-24 00:38:07.243598,reported
3547,148,19,213,2026-08-05 00:38:07.243598,reported
3548,148,20,208,2026-09-19 00:38:07.243598,reported
3549,148,21,216,2026-09-05 00:38:07.243598,reported
3550,148,22,214,2026-08-18 00:38:07.243598,reported
3551,148,23,225,2026-08-05 00:38:07.243598,reported
3552,148,24,225,2026-09-20 00:38:07.243598,reported
3553,149,1,200,2026-08-30 00:38:07.243598,reported
3554,149,2,222,2026-08-24 00:38:07.243598,reported
3555,149,3,212,2026-08-29 00:38:07.243598,reported
3556,149,4,215,2026-09-03 00:38:07.243598,reported
3557,149,5,227,2026-08-19 00:38:07.243598,reported
3558,149,6,216,2026-09-19 00:38:07.243598,reported
3559,149,7,218,2026-09-24 00:38:07.243598,reported
3560,149,8,238,2026-09-20 00:38:07.243598,reported
3561,149,9,228,2026-08-13 00:38:07.243598,reported
3562,149,10,227,2026-08-24 00:38:07.243598,reported
3563,149,11,231,2026-09-05 00:38:07.243598,reported
3564,149,12,250,2026-08-16 00:38:07.243598,reported
3565,149,13,241,2026-09-02 00:38:07.243598,reported
3566,149,14,252,2026-09-03 00:38:07.243598,reported
3567,149,15,259,2026-09-01 00:38:07.243598,reported
3568,149,16,256,2026-09-04 00:38:07.243598,reported
3569,149,17,262,2026-09-15 00:38:07.243598,reported
3570,149,18,264,2026-08-22 00:38:07.243598,reported
3571,149,19,247,2026-08-02 00:38:07.243598,reported
3572,149,20,279,2026-08-07 00:38:07.243598,reported
3573,149,21,263,2026-09-14 00:38:07.243598,reported
3574,149,22,268,2026-09-05 00:38:07.243598,reported
3575,149,23,268,2026-08-26 00:38:07.243598,reported
3576,149,24,296,2026-08-18 00:38:07.243598,reported
3577,150,1,223,2026-09-03 00:38:07.243598,reported
3578,150,2,231,2026-08-08 00:38:07.243598,reported
3579,150,3,225,2026-08-15 00:38:07.243598,reported
3580,150,4,246,2026-08-21 00:38:07.243598,reported
3581,150,5,233,2026-08-15 00:38:07.243598,reported
3582,150,6,243,2026-09-01 00:38:07.243598,reported
3583,150,7,242,2026-08-26 00:38:07.243598,reported
3584,150,8,246,2026-08-16 00:38:07.243598,reported
3585,150,9,244,2026-08-30 00:38:07.243598,reported
3586,150,10,247,2026-08-02 00:38:07.243598,reported
3587,150,11,252,2026-08-01 00:38:07.243598,reported
3588,150,12,257,2026-08-02 00:38:07.243598,reported
3589,150,13,266,2026-09-12 00:38:07.243598,reported
3590,150,14,258,2026-08-02 00:38:07.243598,reported
3591,150,15,268,2026-09-05 00:38:07.243598,reported
3592,150,16,288,2026-08-06 00:38:07.243598,reported
3593,150,17,274,2026-08-20 00:38:07.243598,reported
3594,150,18,298,2026-08-14 00:38:07.243598,reported
3595,150,19,283,2026-09-04 00:38:07.243598,reported
3596,150,20,277,2026-09-24 00:38:07.243598,reported
3597,150,21,296,2026-08-06 00:38:07.243598,reported
3598,150,22,300,2026-08-21 00:38:07.243598,reported
3599,150,23,304,2026-09-03 00:38:07.243598,reported
3600,150,24,302,2026-08-28 00:38:07.243598,reported
3601,151,1,105,2026-08-01 00:38:07.243598,reported
3602,151,2,123,2026-08-23 00:38:07.243598,reported
3603,151,3,124,2026-08-21 00:38:07.243598,reported
3604,151,4,120,2026-08-13 00:38:07.243598,reported
3605,151,5,127,2026-09-03 00:38:07.243598,reported
3606,151,6,113,2026-08-01 00:38:07.243598,reported
3607,151,7,134,2026-08-10 00:38:07.243598,reported
3608,151,8,123,2026-09-06 00:38:07.243598,reported
3609,151,9,123,2026-08-21 00:38:07.243598,reported
3610,151,10,139,2026-08-19 00:38:07.243598,reported
3611,151,11,126,2026-08-04 00:38:07.243598,reported
3612,151,12,146,2026-09-01 00:38:07.243598,reported
3613,151,13,144,2026-08-20 00:38:07.243598,reported
3614,151,14,129,2026-08-27 00:38:07.243598,reported
3615,151,15,153,2026-08-21 00:38:07.243598,reported
3616,151,16,146,2026-08-13 00:38:07.243598,reported
3617,151,17,141,2026-09-10 00:38:07.243598,reported
3618,151,18,144,2026-08-09 00:38:07.243598,reported
3619,151,19,149,2026-09-02 00:38:07.243598,reported
3620,151,20,150,2026-08-13 00:38:07.243598,reported
3621,151,21,140,2026-09-01 00:38:07.243598,reported
3622,151,22,144,2026-08-31 00:38:07.243598,reported
3623,151,23,158,2026-08-18 00:38:07.243598,reported
3624,151,24,167,2026-09-07 00:38:07.243598,reported
3625,152,1,179,2026-08-26 00:38:07.243598,reported
3626,152,2,193,2026-08-29 00:38:07.243598,reported
3627,152,3,201,2026-08-29 00:38:07.243598,reported
3628,152,4,216,2026-08-15 00:38:07.243598,reported
3629,152,5,192,2026-08-28 00:38:07.243598,reported
3630,152,6,211,2026-07-31 00:38:07.243598,reported
3631,152,7,213,2026-09-24 00:38:07.243598,reported
3632,152,8,212,2026-08-01 00:38:07.243598,reported
3633,152,9,219,2026-08-20 00:38:07.243598,reported
3634,152,10,222,2026-08-17 00:38:07.243598,reported
3635,152,11,231,2026-08-18 00:38:07.243598,reported
3636,152,12,242,2026-08-18 00:38:07.243598,reported
3637,152,13,230,2026-09-10 00:38:07.243598,reported
3638,152,14,226,2026-08-26 00:38:07.243598,reported
3639,152,15,233,2026-09-11 00:38:07.243598,reported
3640,152,16,238,2026-09-18 00:38:07.243598,reported
3641,152,17,254,2026-08-22 00:38:07.243598,reported
3642,152,18,238,2026-08-25 00:38:07.243598,reported
3643,152,19,238,2026-08-19 00:38:07.243598,reported
3644,152,20,250,2026-08-22 00:38:07.243598,reported
3645,152,21,239,2026-08-04 00:38:07.243598,reported
3646,152,22,249,2026-09-04 00:38:07.243598,reported
3647,152,23,255,2026-08-17 00:38:07.243598,reported
3648,152,24,247,2026-08-07 00:38:07.243598,reported
3649,153,1,143,2026-08-22 00:38:07.243598,reported
3650,153,2,145,2026-08-04 00:38:07.243598,reported
3651,153,3,152,2026-08-15 00:38:07.243598,reported
3652,153,4,162,2026-09-01 00:38:07.243598,reported
3653,153,5,155,2026-09-13 00:38:07.243598,reported
3654,153,6,160,2026-09-03 00:38:07.243598,reported
3655,153,7,159,2026-08-19 00:38:07.243598,reported
3656,153,8,144,2026-08-05 00:38:07.243598,reported
3657,153,9,167,2026-08-25 00:38:07.243598,reported
3658,153,10,156,2026-08-17 00:38:07.243598,reported
3659,153,11,169,2026-08-08 00:38:07.243598,reported
3660,153,12,164,2026-08-03 00:38:07.243598,reported
3661,153,13,164,2026-09-16 00:38:07.243598,reported
3662,153,14,188,2026-08-24 00:38:07.243598,reported
3663,153,15,177,2026-08-21 00:38:07.243598,reported
3664,153,16,170,2026-09-15 00:38:07.243598,reported
3665,153,17,167,2026-08-09 00:38:07.243598,reported
3666,153,18,185,2026-08-08 00:38:07.243598,reported
3667,153,19,181,2026-08-25 00:38:07.243598,reported
3668,153,20,200,2026-09-24 00:38:07.243598,reported
3669,153,21,190,2026-09-23 00:38:07.243598,reported
3670,153,22,183,2026-09-23 00:38:07.243598,reported
3671,153,23,190,2026-09-17 00:38:07.243598,reported
3672,153,24,193,2026-08-12 00:38:07.243598,reported
3673,154,1,229,2026-08-10 00:38:07.243598,reported
3674,154,2,231,2026-08-27 00:38:07.243598,reported
3675,154,3,242,2026-08-29 00:38:07.243598,reported
3676,154,4,256,2026-08-13 00:38:07.243598,reported
3677,154,5,250,2026-08-29 00:38:07.243598,reported
3678,154,6,247,2026-09-17 00:38:07.243598,reported
3679,154,7,262,2026-08-09 00:38:07.243598,reported
3680,154,8,265,2026-08-20 00:38:07.243598,reported
3681,154,9,248,2026-09-13 00:38:07.243598,reported
3682,154,10,270,2026-08-05 00:38:07.243598,reported
3683,154,11,270,2026-09-20 00:38:07.243598,reported
3684,154,12,271,2026-08-14 00:38:07.243598,reported
3685,154,13,264,2026-07-31 00:38:07.243598,reported
3686,154,14,280,2026-09-23 00:38:07.243598,reported
3687,154,15,273,2026-09-19 00:38:07.243598,reported
3688,154,16,268,2026-08-14 00:38:07.243598,reported
3689,154,17,284,2026-08-28 00:38:07.243598,reported
3690,154,18,273,2026-08-01 00:38:07.243598,reported
3691,154,19,294,2026-08-27 00:38:07.243598,reported
3692,154,20,286,2026-08-28 00:38:07.243598,reported
3693,154,21,306,2026-09-06 00:38:07.243598,reported
3694,154,22,310,2026-08-11 00:38:07.243598,reported
3695,154,23,305,2026-09-17 00:38:07.243598,reported
3696,154,24,310,2026-08-20 00:38:07.243598,reported
3697,155,1,219,2026-08-06 00:38:07.243598,reported
3698,155,2,221,2026-08-19 00:38:07.243598,reported
3699,155,3,228,2026-09-11 00:38:07.243598,reported
3700,155,4,221,2026-08-30 00:38:07.243598,reported
3701,155,5,225,2026-08-20 00:38:07.243598,reported
3702,155,6,223,2026-09-16 00:38:07.243598,reported
3703,155,7,244,2026-08-21 00:38:07.243598,reported
3704,155,8,237,2026-09-15 00:38:07.243598,reported
3705,155,9,247,2026-08-19 00:38:07.243598,reported
3706,155,10,242,2026-09-14 00:38:07.243598,reported
3707,155,11,249,2026-09-14 00:38:07.243598,reported
3708,155,12,247,2026-08-01 00:38:07.243598,reported
3709,155,13,254,2026-08-28 00:38:07.243598,reported
3710,155,14,251,2026-08-03 00:38:07.243598,reported
3711,155,15,258,2026-09-08 00:38:07.243598,reported
3712,155,16,259,2026-09-22 00:38:07.243598,reported
3713,155,17,265,2026-08-15 00:38:07.243598,reported
3714,155,18,278,2026-09-14 00:38:07.243598,reported
3715,155,19,250,2026-09-14 00:38:07.243598,reported
3716,155,20,267,2026-07-31 00:38:07.243598,reported
3717,155,21,285,2026-08-29 00:38:07.243598,reported
3718,155,22,271,2026-09-13 00:38:07.243598,reported
3719,155,23,280,2026-08-29 00:38:07.243598,reported
3720,155,24,303,2026-09-12 00:38:07.243598,reported
3721,156,1,150,2026-09-03 00:38:07.243598,reported
3722,156,2,170,2026-08-29 00:38:07.243598,reported
3723,156,3,155,2026-09-01 00:38:07.243598,reported
3724,156,4,172,2026-08-15 00:38:07.243598,reported
3725,156,5,173,2026-08-21 00:38:07.243598,reported
3726,156,6,170,2026-08-07 00:38:07.243598,reported
3727,156,7,179,2026-08-01 00:38:07.243598,reported
3728,156,8,165,2026-08-01 00:38:07.243598,reported
3729,156,9,181,2026-08-30 00:38:07.243598,reported
3730,156,10,191,2026-07-31 00:38:07.243598,reported
3731,156,11,187,2026-08-12 00:38:07.243598,reported
3732,156,12,192,2026-08-30 00:38:07.243598,reported
3733,156,13,185,2026-08-11 00:38:07.243598,reported
3734,156,14,198,2026-08-17 00:38:07.243598,reported
3735,156,15,196,2026-09-06 00:38:07.243598,reported
3736,156,16,194,2026-08-29 00:38:07.243598,reported
3737,156,17,210,2026-09-15 00:38:07.243598,reported
3738,156,18,200,2026-08-29 00:38:07.243598,reported
3739,156,19,225,2026-09-20 00:38:07.243598,reported
3740,156,20,212,2026-09-10 00:38:07.243598,reported
3741,156,21,206,2026-09-20 00:38:07.243598,reported
3742,156,22,215,2026-07-31 00:38:07.243598,reported
3743,156,23,204,2026-09-15 00:38:07.243598,reported
3744,156,24,217,2026-08-27 00:38:07.243598,reported
3745,157,1,113,2026-08-17 00:38:07.243598,reported
3746,157,2,104,2026-09-01 00:38:07.243598,reported
3747,157,3,110,2026-09-05 00:38:07.243598,reported
3748,157,4,112,2026-08-03 00:38:07.243598,reported
3749,157,5,115,2026-09-13 00:38:07.243598,reported
3750,157,6,105,2026-09-10 00:38:07.243598,reported
3751,157,7,116,2026-09-17 00:38:07.243598,reported
3752,157,8,121,2026-08-04 00:38:07.243598,reported
3753,157,9,117,2026-08-28 00:38:07.243598,reported
3754,157,10,130,2026-09-03 00:38:07.243598,reported
3755,157,11,122,2026-09-03 00:38:07.243598,reported
3756,157,12,127,2026-09-23 00:38:07.243598,reported
3757,157,13,113,2026-08-06 00:38:07.243598,reported
3758,157,14,120,2026-08-11 00:38:07.243598,reported
3759,157,15,120,2026-08-03 00:38:07.243598,reported
3760,157,16,136,2026-09-22 00:38:07.243598,reported
3761,157,17,139,2026-09-19 00:38:07.243598,reported
3762,157,18,130,2026-08-31 00:38:07.243598,reported
3763,157,19,131,2026-07-31 00:38:07.243598,reported
3764,157,20,134,2026-09-15 00:38:07.243598,reported
3765,157,21,113,2026-09-02 00:38:07.243598,reported
3766,157,22,137,2026-09-19 00:38:07.243598,reported
3767,157,23,146,2026-08-20 00:38:07.243598,reported
3768,157,24,155,2026-09-10 00:38:07.243598,reported
3769,158,1,139,2026-08-10 00:38:07.243598,reported
3770,158,2,134,2026-09-14 00:38:07.243598,reported
3771,158,3,118,2026-08-08 00:38:07.243598,reported
3772,158,4,142,2026-09-19 00:38:07.243598,reported
3773,158,5,145,2026-08-06 00:38:07.243598,reported
3774,158,6,136,2026-08-22 00:38:07.243598,reported
3775,158,7,153,2026-08-29 00:38:07.243598,reported
3776,158,8,154,2026-08-31 00:38:07.243598,reported
3777,158,9,142,2026-09-14 00:38:07.243598,reported
3778,158,10,143,2026-09-01 00:38:07.243598,reported
3779,158,11,150,2026-09-02 00:38:07.243598,reported
3780,158,12,149,2026-08-14 00:38:07.243598,reported
3781,158,13,150,2026-08-26 00:38:07.243598,reported
3782,158,14,148,2026-07-31 00:38:07.243598,reported
3783,158,15,159,2026-09-12 00:38:07.243598,reported
3784,158,16,154,2026-09-20 00:38:07.243598,reported
3785,158,17,179,2026-08-15 00:38:07.243598,reported
3786,158,18,174,2026-09-09 00:38:07.243598,reported
3787,158,19,160,2026-08-28 00:38:07.243598,reported
3788,158,20,184,2026-09-24 00:38:07.243598,reported
3789,158,21,172,2026-09-14 00:38:07.243598,reported
3790,158,22,174,2026-09-16 00:38:07.243598,reported
3791,158,23,166,2026-08-03 00:38:07.243598,reported
3792,158,24,190,2026-09-10 00:38:07.243598,reported
3793,159,1,115,2026-08-17 00:38:07.243598,reported
3794,159,2,115,2026-08-13 00:38:07.243598,reported
3795,159,3,113,2026-09-11 00:38:07.243598,reported
3796,159,4,126,2026-08-01 00:38:07.243598,reported
3797,159,5,102,2026-08-10 00:38:07.243598,reported
3798,159,6,130,2026-09-01 00:38:07.243598,reported
3799,159,7,132,2026-08-08 00:38:07.243598,reported
3800,159,8,128,2026-09-03 00:38:07.243598,reported
3801,159,9,129,2026-08-14 00:38:07.243598,reported
3802,159,10,125,2026-08-26 00:38:07.243598,reported
3803,159,11,127,2026-08-08 00:38:07.243598,reported
3804,159,12,138,2026-08-03 00:38:07.243598,reported
3805,159,13,139,2026-08-25 00:38:07.243598,reported
3806,159,14,115,2026-08-07 00:38:07.243598,reported
3807,159,15,120,2026-08-16 00:38:07.243598,reported
3808,159,16,119,2026-09-13 00:38:07.243598,reported
3809,159,17,133,2026-08-08 00:38:07.243598,reported
3810,159,18,135,2026-09-20 00:38:07.243598,reported
3811,159,19,137,2026-09-03 00:38:07.243598,reported
3812,159,20,139,2026-08-24 00:38:07.243598,reported
3813,159,21,151,2026-09-14 00:38:07.243598,reported
3814,159,22,152,2026-08-01 00:38:07.243598,reported
3815,159,23,138,2026-09-24 00:38:07.243598,reported
3816,159,24,151,2026-08-12 00:38:07.243598,reported
3817,160,1,143,2026-09-11 00:38:07.243598,reported
3818,160,2,173,2026-08-04 00:38:07.243598,reported
3819,160,3,162,2026-08-28 00:38:07.243598,reported
3820,160,4,179,2026-09-06 00:38:07.243598,reported
3821,160,5,179,2026-09-02 00:38:07.243598,reported
3822,160,6,177,2026-09-09 00:38:07.243598,reported
3823,160,7,179,2026-09-07 00:38:07.243598,reported
3824,160,8,182,2026-08-25 00:38:07.243598,reported
3825,160,9,184,2026-09-06 00:38:07.243598,reported
3826,160,10,195,2026-08-07 00:38:07.243598,reported
3827,160,11,178,2026-09-24 00:38:07.243598,reported
3828,160,12,191,2026-08-06 00:38:07.243598,reported
3829,160,13,180,2026-08-31 00:38:07.243598,reported
3830,160,14,200,2026-09-12 00:38:07.243598,reported
3831,160,15,193,2026-09-24 00:38:07.243598,reported
3832,160,16,198,2026-08-17 00:38:07.243598,reported
3833,160,17,189,2026-08-18 00:38:07.243598,reported
3834,160,18,203,2026-08-14 00:38:07.243598,reported
3835,160,19,207,2026-08-10 00:38:07.243598,reported
3836,160,20,198,2026-08-21 00:38:07.243598,reported
3837,160,21,218,2026-08-12 00:38:07.243598,reported
3838,160,22,225,2026-08-19 00:38:07.243598,reported
3839,160,23,213,2026-09-01 00:38:07.243598,reported
3840,160,24,205,2026-09-08 00:38:07.243598,reported
3841,161,1,195,2026-09-13 00:38:07.243598,reported
3842,161,2,198,2026-08-29 00:38:07.243598,reported
3843,161,3,190,2026-08-13 00:38:07.243598,reported
3844,161,4,183,2026-08-19 00:38:07.243598,reported
3845,161,5,199,2026-07-31 00:38:07.243598,reported
3846,161,6,199,2026-08-19 00:38:07.243598,reported
3847,161,7,202,2026-09-01 00:38:07.243598,reported
3848,161,8,209,2026-08-15 00:38:07.243598,reported
3849,161,9,215,2026-09-23 00:38:07.243598,reported
3850,161,10,212,2026-08-15 00:38:07.243598,reported
3851,161,11,220,2026-08-16 00:38:07.243598,reported
3852,161,12,228,2026-08-01 00:38:07.243598,reported
3853,161,13,222,2026-09-11 00:38:07.243598,reported
3854,161,14,225,2026-09-20 00:38:07.243598,reported
3855,161,15,225,2026-09-22 00:38:07.243598,reported
3856,161,16,231,2026-08-13 00:38:07.243598,reported
3857,161,17,230,2026-08-28 00:38:07.243598,reported
3858,161,18,236,2026-08-02 00:38:07.243598,reported
3859,161,19,232,2026-09-17 00:38:07.243598,reported
3860,161,20,239,2026-08-01 00:38:07.243598,reported
3861,161,21,231,2026-09-12 00:38:07.243598,reported
3862,161,22,252,2026-08-15 00:38:07.243598,reported
3863,161,23,247,2026-09-02 00:38:07.243598,reported
3864,161,24,250,2026-08-23 00:38:07.243598,reported
3865,162,1,111,2026-08-12 00:38:07.243598,reported
3866,162,2,115,2026-08-13 00:38:07.243598,reported
3867,162,3,121,2026-08-23 00:38:07.243598,reported
3868,162,4,115,2026-08-28 00:38:07.243598,reported
3869,162,5,127,2026-09-20 00:38:07.243598,reported
3870,162,6,123,2026-08-17 00:38:07.243598,reported
3871,162,7,131,2026-08-31 00:38:07.243598,reported
3872,162,8,138,2026-09-04 00:38:07.243598,reported
3873,162,9,122,2026-08-10 00:38:07.243598,reported
3874,162,10,136,2026-08-25 00:38:07.243598,reported
3875,162,11,156,2026-08-18 00:38:07.243598,reported
3876,162,12,131,2026-09-05 00:38:07.243598,reported
3877,162,13,135,2026-08-25 00:38:07.243598,reported
3878,162,14,144,2026-08-24 00:38:07.243598,reported
3879,162,15,156,2026-09-03 00:38:07.243598,reported
3880,162,16,143,2026-09-20 00:38:07.243598,reported
3881,162,17,156,2026-08-06 00:38:07.243598,reported
3882,162,18,152,2026-08-26 00:38:07.243598,reported
3883,162,19,165,2026-08-09 00:38:07.243598,reported
3884,162,20,156,2026-09-08 00:38:07.243598,reported
3885,162,21,140,2026-08-02 00:38:07.243598,reported
3886,162,22,159,2026-07-31 00:38:07.243598,reported
3887,162,23,159,2026-09-24 00:38:07.243598,reported
3888,162,24,161,2026-09-05 00:38:07.243598,reported
3889,163,1,246,2026-09-14 00:38:07.243598,reported
3890,163,2,227,2026-09-22 00:38:07.243598,reported
3891,163,3,230,2026-09-11 00:38:07.243598,reported
3892,163,4,237,2026-08-19 00:38:07.243598,reported
3893,163,5,223,2026-08-23 00:38:07.243598,reported
3894,163,6,247,2026-08-08 00:38:07.243598,reported
3895,163,7,236,2026-08-29 00:38:07.243598,reported
3896,163,8,250,2026-08-01 00:38:07.243598,reported
3897,163,9,260,2026-09-03 00:38:07.243598,reported
3898,163,10,245,2026-09-03 00:38:07.243598,reported
3899,163,11,248,2026-09-05 00:38:07.243598,reported
3900,163,12,254,2026-08-14 00:38:07.243598,reported
3901,163,13,279,2026-08-24 00:38:07.243598,reported
3902,163,14,271,2026-09-10 00:38:07.243598,reported
3903,163,15,270,2026-08-12 00:38:07.243598,reported
3904,163,16,272,2026-08-08 00:38:07.243598,reported
3905,163,17,276,2026-09-05 00:38:07.243598,reported
3906,163,18,276,2026-09-22 00:38:07.243598,reported
3907,163,19,295,2026-09-16 00:38:07.243598,reported
3908,163,20,294,2026-09-24 00:38:07.243598,reported
3909,163,21,278,2026-08-21 00:38:07.243598,reported
3910,163,22,290,2026-09-15 00:38:07.243598,reported
3911,163,23,292,2026-09-05 00:38:07.243598,reported
3912,163,24,287,2026-08-29 00:38:07.243598,reported
3913,164,1,196,2026-09-20 00:38:07.243598,reported
3914,164,2,203,2026-08-17 00:38:07.243598,reported
3915,164,3,187,2026-08-16 00:38:07.243598,reported
3916,164,4,203,2026-09-23 00:38:07.243598,reported
3917,164,5,202,2026-09-08 00:38:07.243598,reported
3918,164,6,208,2026-08-29 00:38:07.243598,reported
3919,164,7,210,2026-09-19 00:38:07.243598,reported
3920,164,8,225,2026-09-12 00:38:07.243598,reported
3921,164,9,217,2026-08-20 00:38:07.243598,reported
3922,164,10,218,2026-08-13 00:38:07.243598,reported
3923,164,11,214,2026-08-26 00:38:07.243598,reported
3924,164,12,230,2026-09-16 00:38:07.243598,reported
3925,164,13,230,2026-09-09 00:38:07.243598,reported
3926,164,14,228,2026-09-02 00:38:07.243598,reported
3927,164,15,228,2026-08-14 00:38:07.243598,reported
3928,164,16,227,2026-09-01 00:38:07.243598,reported
3929,164,17,228,2026-09-21 00:38:07.243598,reported
3930,164,18,238,2026-09-06 00:38:07.243598,reported
3931,164,19,240,2026-09-10 00:38:07.243598,reported
3932,164,20,241,2026-09-23 00:38:07.243598,reported
3933,164,21,241,2026-09-02 00:38:07.243598,reported
3934,164,22,232,2026-08-25 00:38:07.243598,reported
3935,164,23,255,2026-08-13 00:38:07.243598,reported
3936,164,24,255,2026-08-29 00:38:07.243598,reported
3937,165,1,157,2026-09-17 00:38:07.243598,reported
3938,165,2,154,2026-09-01 00:38:07.243598,reported
3939,165,3,158,2026-08-04 00:38:07.243598,reported
3940,165,4,156,2026-08-13 00:38:07.243598,reported
3941,165,5,167,2026-08-10 00:38:07.243598,reported
3942,165,6,168,2026-09-14 00:38:07.243598,reported
3943,165,7,164,2026-08-31 00:38:07.243598,reported
3944,165,8,164,2026-08-31 00:38:07.243598,reported
3945,165,9,181,2026-08-10 00:38:07.243598,reported
3946,165,10,173,2026-08-28 00:38:07.243598,reported
3947,165,11,176,2026-09-24 00:38:07.243598,reported
3948,165,12,164,2026-08-19 00:38:07.243598,reported
3949,165,13,178,2026-09-10 00:38:07.243598,reported
3950,165,14,183,2026-09-12 00:38:07.243598,reported
3951,165,15,182,2026-09-16 00:38:07.243598,reported
3952,165,16,186,2026-08-09 00:38:07.243598,reported
3953,165,17,172,2026-08-19 00:38:07.243598,reported
3954,165,18,189,2026-08-09 00:38:07.243598,reported
3955,165,19,198,2026-09-04 00:38:07.243598,reported
3956,165,20,196,2026-08-07 00:38:07.243598,reported
3957,165,21,194,2026-09-09 00:38:07.243598,reported
3958,165,22,194,2026-08-19 00:38:07.243598,reported
3959,165,23,205,2026-09-08 00:38:07.243598,reported
3960,165,24,208,2026-08-31 00:38:07.243598,reported
3961,166,1,184,2026-08-29 00:38:07.243598,reported
3962,166,2,191,2026-08-10 00:38:07.243598,reported
3963,166,3,176,2026-09-17 00:38:07.243598,reported
3964,166,4,187,2026-09-09 00:38:07.243598,reported
3965,166,5,185,2026-09-16 00:38:07.243598,reported
3966,166,6,207,2026-09-09 00:38:07.243598,reported
3967,166,7,198,2026-09-05 00:38:07.243598,reported
3968,166,8,197,2026-08-16 00:38:07.243598,reported
3969,166,9,206,2026-09-17 00:38:07.243598,reported
3970,166,10,207,2026-08-10 00:38:07.243598,reported
3971,166,11,223,2026-08-27 00:38:07.243598,reported
3972,166,12,224,2026-08-07 00:38:07.243598,reported
3973,166,13,223,2026-08-10 00:38:07.243598,reported
3974,166,14,213,2026-08-24 00:38:07.243598,reported
3975,166,15,236,2026-09-01 00:38:07.243598,reported
3976,166,16,224,2026-09-15 00:38:07.243598,reported
3977,166,17,210,2026-09-14 00:38:07.243598,reported
3978,166,18,238,2026-08-19 00:38:07.243598,reported
3979,166,19,237,2026-09-24 00:38:07.243598,reported
3980,166,20,243,2026-08-06 00:38:07.243598,reported
3981,166,21,243,2026-08-01 00:38:07.243598,reported
3982,166,22,232,2026-08-18 00:38:07.243598,reported
3983,166,23,250,2026-08-06 00:38:07.243598,reported
3984,166,24,238,2026-08-11 00:38:07.243598,reported
3985,167,1,79,2026-08-25 00:38:07.243598,reported
3986,167,2,97,2026-09-07 00:38:07.243598,reported
3987,167,3,104,2026-08-21 00:38:07.243598,reported
3988,167,4,105,2026-09-18 00:38:07.243598,reported
3989,167,5,95,2026-09-23 00:38:07.243598,reported
3990,167,6,96,2026-09-12 00:38:07.243598,reported
3991,167,7,111,2026-08-10 00:38:07.243598,reported
3992,167,8,103,2026-08-30 00:38:07.243598,reported
3993,167,9,108,2026-09-13 00:38:07.243598,reported
3994,167,10,107,2026-09-12 00:38:07.243598,reported
3995,167,11,107,2026-08-08 00:38:07.243598,reported
3996,167,12,106,2026-08-23 00:38:07.243598,reported
3997,167,13,109,2026-08-18 00:38:07.243598,reported
3998,167,14,117,2026-08-09 00:38:07.243598,reported
3999,167,15,108,2026-08-22 00:38:07.243598,reported
4000,167,16,101,2026-09-06 00:38:07.243598,reported
4001,167,17,114,2026-08-22 00:38:07.243598,reported
4002,167,18,112,2026-09-10 00:38:07.243598,reported
4003,167,19,115,2026-08-13 00:38:07.243598,reported
4004,167,20,141,2026-09-19 00:38:07.243598,reported
4005,167,21,116,2026-08-18 00:38:07.243598,reported
4006,167,22,129,2026-09-01 00:38:07.243598,reported
4007,167,23,125,2026-09-21 00:38:07.243598,reported
4008,167,24,112,2026-08-15 00:38:07.243598,reported
4009,168,1,84,2026-08-09 00:38:07.243598,reported
4010,168,2,97,2026-08-12 00:38:07.243598,reported
4011,168,3,80,2026-09-04 00:38:07.243598,reported
4012,168,4,111,2026-09-12 00:38:07.243598,reported
4013,168,5,104,2026-09-09 00:38:07.243598,reported
4014,168,6,105,2026-08-11 00:38:07.243598,reported
4015,168,7,99,2026-08-29 00:38:07.243598,reported
4016,168,8,110,2026-09-22 00:38:07.243598,reported
4017,168,9,104,2026-09-16 00:38:07.243598,reported
4018,168,10,100,2026-08-27 00:38:07.243598,reported
4019,168,11,103,2026-09-23 00:38:07.243598,reported
4020,168,12,102,2026-08-17 00:38:07.243598,reported
4021,168,13,107,2026-08-22 00:38:07.243598,reported
4022,168,14,119,2026-09-15 00:38:07.243598,reported
4023,168,15,116,2026-08-25 00:38:07.243598,reported
4024,168,16,111,2026-08-31 00:38:07.243598,reported
4025,168,17,123,2026-08-25 00:38:07.243598,reported
4026,168,18,113,2026-08-04 00:38:07.243598,reported
4027,168,19,125,2026-08-03 00:38:07.243598,reported
4028,168,20,125,2026-08-13 00:38:07.243598,reported
4029,168,21,110,2026-08-07 00:38:07.243598,reported
4030,168,22,109,2026-08-04 00:38:07.243598,reported
4031,168,23,111,2026-09-24 00:38:07.243598,reported
4032,168,24,128,2026-08-30 00:38:07.243598,reported
4033,169,1,114,2026-09-15 00:38:07.243598,reported
4034,169,2,109,2026-08-03 00:38:07.243598,reported
4035,169,3,120,2026-08-21 00:38:07.243598,reported
4036,169,4,107,2026-09-15 00:38:07.243598,reported
4037,169,5,121,2026-09-10 00:38:07.243598,reported
4038,169,6,118,2026-08-10 00:38:07.243598,reported
4039,169,7,117,2026-08-15 00:38:07.243598,reported
4040,169,8,120,2026-08-25 00:38:07.243598,reported
4041,169,9,124,2026-08-21 00:38:07.243598,reported
4042,169,10,112,2026-08-06 00:38:07.243598,reported
4043,169,11,125,2026-09-09 00:38:07.243598,reported
4044,169,12,132,2026-09-06 00:38:07.243598,reported
4045,169,13,132,2026-09-09 00:38:07.243598,reported
4046,169,14,124,2026-08-11 00:38:07.243598,reported
4047,169,15,135,2026-08-20 00:38:07.243598,reported
4048,169,16,133,2026-09-13 00:38:07.243598,reported
4049,169,17,140,2026-08-11 00:38:07.243598,reported
4050,169,18,137,2026-09-21 00:38:07.243598,reported
4051,169,19,129,2026-08-01 00:38:07.243598,reported
4052,169,20,145,2026-09-17 00:38:07.243598,reported
4053,169,21,142,2026-09-16 00:38:07.243598,reported
4054,169,22,145,2026-08-04 00:38:07.243598,reported
4055,169,23,150,2026-08-07 00:38:07.243598,reported
4056,169,24,148,2026-08-26 00:38:07.243598,reported
4057,170,1,212,2026-08-01 00:38:07.243598,reported
4058,170,2,228,2026-09-19 00:38:07.243598,reported
4059,170,3,247,2026-09-04 00:38:07.243598,reported
4060,170,4,246,2026-09-07 00:38:07.243598,reported
4061,170,5,248,2026-08-03 00:38:07.243598,reported
4062,170,6,233,2026-09-10 00:38:07.243598,reported
4063,170,7,245,2026-09-07 00:38:07.243598,reported
4064,170,8,249,2026-09-10 00:38:07.243598,reported
4065,170,9,260,2026-09-13 00:38:07.243598,reported
4066,170,10,265,2026-08-16 00:38:07.243598,reported
4067,170,11,246,2026-08-21 00:38:07.243598,reported
4068,170,12,270,2026-08-13 00:38:07.243598,reported
4069,170,13,249,2026-08-19 00:38:07.243598,reported
4070,170,14,274,2026-09-14 00:38:07.243598,reported
4071,170,15,290,2026-09-17 00:38:07.243598,reported
4072,170,16,267,2026-09-09 00:38:07.243598,reported
4073,170,17,272,2026-08-31 00:38:07.243598,reported
4074,170,18,297,2026-08-03 00:38:07.243598,reported
4075,170,19,282,2026-09-08 00:38:07.243598,reported
4076,170,20,275,2026-09-06 00:38:07.243598,reported
4077,170,21,302,2026-09-15 00:38:07.243598,reported
4078,170,22,300,2026-09-18 00:38:07.243598,reported
4079,170,23,303,2026-08-29 00:38:07.243598,reported
4080,170,24,310,2026-09-16 00:38:07.243598,reported
4081,171,1,163,2026-08-06 00:38:07.243598,reported
4082,171,2,176,2026-08-08 00:38:07.243598,reported
4083,171,3,167,2026-08-25 00:38:07.243598,reported
4084,171,4,179,2026-09-24 00:38:07.243598,reported
4085,171,5,176,2026-08-20 00:38:07.243598,reported
4086,171,6,189,2026-09-04 00:38:07.243598,reported
4087,171,7,186,2026-09-13 00:38:07.243598,reported
4088,171,8,200,2026-09-01 00:38:07.243598,reported
4089,171,9,189,2026-08-13 00:38:07.243598,reported
4090,171,10,192,2026-09-22 00:38:07.243598,reported
4091,171,11,195,2026-08-10 00:38:07.243598,reported
4092,171,12,203,2026-08-05 00:38:07.243598,reported
4093,171,13,204,2026-09-04 00:38:07.243598,reported
4094,171,14,202,2026-08-15 00:38:07.243598,reported
4095,171,15,208,2026-09-22 00:38:07.243598,reported
4096,171,16,215,2026-08-30 00:38:07.243598,reported
4097,171,17,217,2026-09-21 00:38:07.243598,reported
4098,171,18,221,2026-08-13 00:38:07.243598,reported
4099,171,19,210,2026-08-25 00:38:07.243598,reported
4100,171,20,223,2026-08-25 00:38:07.243598,reported
4101,171,21,215,2026-08-14 00:38:07.243598,reported
4102,171,22,233,2026-08-19 00:38:07.243598,reported
4103,171,23,232,2026-08-15 00:38:07.243598,reported
4104,171,24,234,2026-08-12 00:38:07.243598,reported
4105,172,1,88,2026-08-23 00:38:07.243598,reported
4106,172,2,77,2026-08-07 00:38:07.243598,reported
4107,172,3,91,2026-08-13 00:38:07.243598,reported
4108,172,4,79,2026-08-23 00:38:07.243598,reported
4109,172,5,84,2026-08-25 00:38:07.243598,reported
4110,172,6,85,2026-09-03 00:38:07.243598,reported
4111,172,7,87,2026-08-08 00:38:07.243598,reported
4112,172,8,92,2026-08-15 00:38:07.243598,reported
4113,172,9,118,2026-09-03 00:38:07.243598,reported
4114,172,10,91,2026-09-22 00:38:07.243598,reported
4115,172,11,103,2026-09-19 00:38:07.243598,reported
4116,172,12,102,2026-08-28 00:38:07.243598,reported
4117,172,13,107,2026-08-02 00:38:07.243598,reported
4118,172,14,95,2026-08-31 00:38:07.243598,reported
4119,172,15,90,2026-08-12 00:38:07.243598,reported
4120,172,16,100,2026-09-14 00:38:07.243598,reported
4121,172,17,118,2026-07-31 00:38:07.243598,reported
4122,172,18,100,2026-09-04 00:38:07.243598,reported
4123,172,19,108,2026-08-07 00:38:07.243598,reported
4124,172,20,122,2026-08-20 00:38:07.243598,reported
4125,172,21,118,2026-09-14 00:38:07.243598,reported
4126,172,22,115,2026-08-24 00:38:07.243598,reported
4127,172,23,108,2026-08-16 00:38:07.243598,reported
4128,172,24,108,2026-08-24 00:38:07.243598,reported
4129,173,1,99,2026-09-16 00:38:07.243598,reported
4130,173,2,113,2026-09-09 00:38:07.243598,reported
4131,173,3,113,2026-08-05 00:38:07.243598,reported
4132,173,4,101,2026-09-09 00:38:07.243598,reported
4133,173,5,96,2026-09-03 00:38:07.243598,reported
4134,173,6,112,2026-09-14 00:38:07.243598,reported
4135,173,7,105,2026-09-04 00:38:07.243598,reported
4136,173,8,107,2026-09-07 00:38:07.243598,reported
4137,173,9,116,2026-08-18 00:38:07.243598,reported
4138,173,10,112,2026-08-19 00:38:07.243598,reported
4139,173,11,126,2026-09-20 00:38:07.243598,reported
4140,173,12,101,2026-09-23 00:38:07.243598,reported
4141,173,13,126,2026-08-26 00:38:07.243598,reported
4142,173,14,122,2026-09-23 00:38:07.243598,reported
4143,173,15,113,2026-08-12 00:38:07.243598,reported
4144,173,16,142,2026-08-08 00:38:07.243598,reported
4145,173,17,128,2026-09-21 00:38:07.243598,reported
4146,173,18,123,2026-09-13 00:38:07.243598,reported
4147,173,19,127,2026-09-21 00:38:07.243598,reported
4148,173,20,129,2026-09-14 00:38:07.243598,reported
4149,173,21,139,2026-09-14 00:38:07.243598,reported
4150,173,22,139,2026-09-22 00:38:07.243598,reported
4151,173,23,125,2026-09-07 00:38:07.243598,reported
4152,173,24,156,2026-08-10 00:38:07.243598,reported
4153,174,1,168,2026-09-16 00:38:07.243598,reported
4154,174,2,169,2026-08-19 00:38:07.243598,reported
4155,174,3,168,2026-08-02 00:38:07.243598,reported
4156,174,4,179,2026-08-24 00:38:07.243598,reported
4157,174,5,174,2026-09-03 00:38:07.243598,reported
4158,174,6,164,2026-08-30 00:38:07.243598,reported
4159,174,7,186,2026-09-11 00:38:07.243598,reported
4160,174,8,189,2026-09-01 00:38:07.243598,reported
4161,174,9,167,2026-08-22 00:38:07.243598,reported
4162,174,10,190,2026-08-23 00:38:07.243598,reported
4163,174,11,199,2026-08-17 00:38:07.243598,reported
4164,174,12,205,2026-08-11 00:38:07.243598,reported
4165,174,13,199,2026-09-08 00:38:07.243598,reported
4166,174,14,191,2026-07-31 00:38:07.243598,reported
4167,174,15,210,2026-09-07 00:38:07.243598,reported
4168,174,16,194,2026-08-01 00:38:07.243598,reported
4169,174,17,195,2026-08-04 00:38:07.243598,reported
4170,174,18,204,2026-08-20 00:38:07.243598,reported
4171,174,19,210,2026-09-15 00:38:07.243598,reported
4172,174,20,207,2026-08-12 00:38:07.243598,reported
4173,174,21,214,2026-08-19 00:38:07.243598,reported
4174,174,22,207,2026-08-10 00:38:07.243598,reported
4175,174,23,225,2026-09-13 00:38:07.243598,reported
4176,174,24,221,2026-08-18 00:38:07.243598,reported
4177,175,1,191,2026-09-08 00:38:07.243598,reported
4178,175,2,195,2026-09-22 00:38:07.243598,reported
4179,175,3,193,2026-08-20 00:38:07.243598,reported
4180,175,4,211,2026-09-09 00:38:07.243598,reported
4181,175,5,212,2026-08-11 00:38:07.243598,reported
4182,175,6,219,2026-09-19 00:38:07.243598,reported
4183,175,7,213,2026-08-28 00:38:07.243598,reported
4184,175,8,216,2026-09-07 00:38:07.243598,reported
4185,175,9,231,2026-08-08 00:38:07.243598,reported
4186,175,10,216,2026-08-03 00:38:07.243598,reported
4187,175,11,220,2026-09-02 00:38:07.243598,reported
4188,175,12,242,2026-08-01 00:38:07.243598,reported
4189,175,13,231,2026-09-19 00:38:07.243598,reported
4190,175,14,238,2026-08-17 00:38:07.243598,reported
4191,175,15,247,2026-09-16 00:38:07.243598,reported
4192,175,16,238,2026-08-03 00:38:07.243598,reported
4193,175,17,255,2026-09-20 00:38:07.243598,reported
4194,175,18,249,2026-09-05 00:38:07.243598,reported
4195,175,19,260,2026-09-09 00:38:07.243598,reported
4196,175,20,256,2026-08-06 00:38:07.243598,reported
4197,175,21,254,2026-09-17 00:38:07.243598,reported
4198,175,22,265,2026-08-05 00:38:07.243598,reported
4199,175,23,254,2026-09-23 00:38:07.243598,reported
4200,175,24,262,2026-09-06 00:38:07.243598,reported
4201,176,1,198,2026-09-12 00:38:07.243598,reported
4202,176,2,203,2026-08-18 00:38:07.243598,reported
4203,176,3,206,2026-09-16 00:38:07.243598,reported
4204,176,4,210,2026-08-15 00:38:07.243598,reported
4205,176,5,210,2026-08-25 00:38:07.243598,reported
4206,176,6,211,2026-08-02 00:38:07.243598,reported
4207,176,7,221,2026-09-03 00:38:07.243598,reported
4208,176,8,225,2026-08-08 00:38:07.243598,reported
4209,176,9,210,2026-08-01 00:38:07.243598,reported
4210,176,10,231,2026-09-22 00:38:07.243598,reported
4211,176,11,233,2026-08-17 00:38:07.243598,reported
4212,176,12,234,2026-08-05 00:38:07.243598,reported
4213,176,13,219,2026-08-13 00:38:07.243598,reported
4214,176,14,223,2026-09-06 00:38:07.243598,reported
4215,176,15,243,2026-08-30 00:38:07.243598,reported
4216,176,16,233,2026-08-28 00:38:07.243598,reported
4217,176,17,242,2026-09-12 00:38:07.243598,reported
4218,176,18,239,2026-09-08 00:38:07.243598,reported
4219,176,19,249,2026-09-16 00:38:07.243598,reported
4220,176,20,262,2026-08-09 00:38:07.243598,reported
4221,176,21,246,2026-08-08 00:38:07.243598,reported
4222,176,22,273,2026-09-21 00:38:07.243598,reported
4223,176,23,266,2026-07-31 00:38:07.243598,reported
4224,176,24,256,2026-09-09 00:38:07.243598,reported
4225,177,1,208,2026-09-05 00:38:07.243598,reported
4226,177,2,201,2026-08-06 00:38:07.243598,reported
4227,177,3,185,2026-09-15 00:38:07.243598,reported
4228,177,4,203,2026-09-01 00:38:07.243598,reported
4229,177,5,202,2026-09-24 00:38:07.243598,reported
4230,177,6,213,2026-09-11 00:38:07.243598,reported
4231,177,7,211,2026-09-06 00:38:07.243598,reported
4232,177,8,221,2026-08-20 00:38:07.243598,reported
4233,177,9,215,2026-08-25 00:38:07.243598,reported
4234,177,10,207,2026-09-16 00:38:07.243598,reported
4235,177,11,225,2026-09-05 00:38:07.243598,reported
4236,177,12,207,2026-08-06 00:38:07.243598,reported
4237,177,13,238,2026-08-18 00:38:07.243598,reported
4238,177,14,236,2026-08-13 00:38:07.243598,reported
4239,177,15,227,2026-08-25 00:38:07.243598,reported
4240,177,16,237,2026-08-25 00:38:07.243598,reported
4241,177,17,230,2026-08-24 00:38:07.243598,reported
4242,177,18,226,2026-08-24 00:38:07.243598,reported
4243,177,19,263,2026-08-19 00:38:07.243598,reported
4244,177,20,255,2026-09-19 00:38:07.243598,reported
4245,177,21,259,2026-09-05 00:38:07.243598,reported
4246,177,22,240,2026-08-19 00:38:07.243598,reported
4247,177,23,259,2026-09-23 00:38:07.243598,reported
4248,177,24,250,2026-09-15 00:38:07.243598,reported
4249,178,1,130,2026-08-03 00:38:07.243598,reported
4250,178,2,129,2026-09-23 00:38:07.243598,reported
4251,178,3,145,2026-08-30 00:38:07.243598,reported
4252,178,4,159,2026-08-15 00:38:07.243598,reported
4253,178,5,141,2026-08-19 00:38:07.243598,reported
4254,178,6,150,2026-08-20 00:38:07.243598,reported
4255,178,7,132,2026-09-21 00:38:07.243598,reported
4256,178,8,152,2026-08-06 00:38:07.243598,reported
4257,178,9,168,2026-08-31 00:38:07.243598,reported
4258,178,10,171,2026-08-17 00:38:07.243598,reported
4259,178,11,162,2026-08-23 00:38:07.243598,reported
4260,178,12,147,2026-08-19 00:38:07.243598,reported
4261,178,13,179,2026-09-08 00:38:07.243598,reported
4262,178,14,184,2026-08-01 00:38:07.243598,reported
4263,178,15,174,2026-08-23 00:38:07.243598,reported
4264,178,16,169,2026-09-17 00:38:07.243598,reported
4265,178,17,174,2026-09-08 00:38:07.243598,reported
4266,178,18,187,2026-08-05 00:38:07.243598,reported
4267,178,19,182,2026-08-03 00:38:07.243598,reported
4268,178,20,173,2026-07-31 00:38:07.243598,reported
4269,178,21,185,2026-08-17 00:38:07.243598,reported
4270,178,22,191,2026-08-06 00:38:07.243598,reported
4271,178,23,182,2026-09-16 00:38:07.243598,reported
4272,178,24,195,2026-09-14 00:38:07.243598,reported
4273,179,1,77,2026-08-14 00:38:07.243598,reported
4274,179,2,115,2026-09-24 00:38:07.243598,reported
4275,179,3,94,2026-08-03 00:38:07.243598,reported
4276,179,4,95,2026-09-07 00:38:07.243598,reported
4277,179,5,93,2026-09-24 00:38:07.243598,reported
4278,179,6,106,2026-09-17 00:38:07.243598,reported
4279,179,7,83,2026-08-02 00:38:07.243598,reported
4280,179,8,106,2026-08-19 00:38:07.243598,reported
4281,179,9,98,2026-09-22 00:38:07.243598,reported
4282,179,10,98,2026-08-01 00:38:07.243598,reported
4283,179,11,95,2026-09-19 00:38:07.243598,reported
4284,179,12,107,2026-09-04 00:38:07.243598,reported
4285,179,13,122,2026-09-24 00:38:07.243598,reported
4286,179,14,107,2026-08-12 00:38:07.243598,reported
4287,179,15,112,2026-09-09 00:38:07.243598,reported
4288,179,16,116,2026-08-31 00:38:07.243598,reported
4289,179,17,114,2026-08-23 00:38:07.243598,reported
4290,179,18,108,2026-09-09 00:38:07.243598,reported
4291,179,19,129,2026-09-17 00:38:07.243598,reported
4292,179,20,114,2026-09-02 00:38:07.243598,reported
4293,179,21,140,2026-08-18 00:38:07.243598,reported
4294,179,22,115,2026-09-24 00:38:07.243598,reported
4295,179,23,115,2026-08-27 00:38:07.243598,reported
4296,179,24,130,2026-09-06 00:38:07.243598,reported
4297,180,1,83,2026-08-14 00:38:07.243598,reported
4298,180,2,89,2026-08-20 00:38:07.243598,reported
4299,180,3,98,2026-09-10 00:38:07.243598,reported
4300,180,4,88,2026-08-25 00:38:07.243598,reported
4301,180,5,86,2026-08-21 00:38:07.243598,reported
4302,180,6,100,2026-09-02 00:38:07.243598,reported
4303,180,7,78,2026-09-09 00:38:07.243598,reported
4304,180,8,96,2026-08-24 00:38:07.243598,reported
4305,180,9,81,2026-09-09 00:38:07.243598,reported
4306,180,10,78,2026-08-21 00:38:07.243598,reported
4307,180,11,86,2026-08-06 00:38:07.243598,reported
4308,180,12,97,2026-08-10 00:38:07.243598,reported
4309,180,13,91,2026-08-16 00:38:07.243598,reported
4310,180,14,104,2026-09-05 00:38:07.243598,reported
4311,180,15,103,2026-08-13 00:38:07.243598,reported
4312,180,16,89,2026-09-14 00:38:07.243598,reported
4313,180,17,93,2026-09-13 00:38:07.243598,reported
4314,180,18,104,2026-08-24 00:38:07.243598,reported
4315,180,19,107,2026-09-04 00:38:07.243598,reported
4316,180,20,114,2026-09-08 00:38:07.243598,reported
4317,180,21,100,2026-08-29 00:38:07.243598,reported
4318,180,22,101,2026-08-04 00:38:07.243598,reported
4319,180,23,100,2026-08-06 00:38:07.243598,reported
4320,180,24,119,2026-08-31 00:38:07.243598,reported
4321,181,1,216,2026-08-17 00:38:07.243598,reported
4322,181,2,216,2026-08-20 00:38:07.243598,reported
4323,181,3,221,2026-08-26 00:38:07.243598,reported
4324,181,4,229,2026-09-07 00:38:07.243598,reported
4325,181,5,239,2026-08-19 00:38:07.243598,reported
4326,181,6,240,2026-09-04 00:38:07.243598,reported
4327,181,7,225,2026-08-25 00:38:07.243598,reported
4328,181,8,238,2026-08-20 00:38:07.243598,reported
4329,181,9,251,2026-09-04 00:38:07.243598,reported
4330,181,10,241,2026-08-02 00:38:07.243598,reported
4331,181,11,259,2026-08-21 00:38:07.243598,reported
4332,181,12,239,2026-09-12 00:38:07.243598,reported
4333,181,13,253,2026-08-01 00:38:07.243598,reported
4334,181,14,267,2026-09-22 00:38:07.243598,reported
4335,181,15,248,2026-09-24 00:38:07.243598,reported
4336,181,16,271,2026-08-28 00:38:07.243598,reported
4337,181,17,272,2026-08-09 00:38:07.243598,reported
4338,181,18,261,2026-08-31 00:38:07.243598,reported
4339,181,19,277,2026-08-15 00:38:07.243598,reported
4340,181,20,278,2026-09-15 00:38:07.243598,reported
4341,181,21,280,2026-09-03 00:38:07.243598,reported
4342,181,22,279,2026-09-14 00:38:07.243598,reported
4343,181,23,278,2026-08-14 00:38:07.243598,reported
4344,181,24,295,2026-08-18 00:38:07.243598,reported
4345,182,1,122,2026-08-17 00:38:07.243598,reported
4346,182,2,125,2026-09-05 00:38:07.243598,reported
4347,182,3,113,2026-09-06 00:38:07.243598,reported
4348,182,4,121,2026-08-25 00:38:07.243598,reported
4349,182,5,124,2026-08-14 00:38:07.243598,reported
4350,182,6,118,2026-09-12 00:38:07.243598,reported
4351,182,7,129,2026-09-09 00:38:07.243598,reported
4352,182,8,128,2026-08-02 00:38:07.243598,reported
4353,182,9,130,2026-08-28 00:38:07.243598,reported
4354,182,10,145,2026-09-06 00:38:07.243598,reported
4355,182,11,143,2026-09-04 00:38:07.243598,reported
4356,182,12,145,2026-08-15 00:38:07.243598,reported
4357,182,13,138,2026-08-28 00:38:07.243598,reported
4358,182,14,139,2026-09-24 00:38:07.243598,reported
4359,182,15,137,2026-09-18 00:38:07.243598,reported
4360,182,16,152,2026-08-31 00:38:07.243598,reported
4361,182,17,152,2026-09-09 00:38:07.243598,reported
4362,182,18,137,2026-08-05 00:38:07.243598,reported
4363,182,19,164,2026-09-04 00:38:07.243598,reported
4364,182,20,155,2026-09-15 00:38:07.243598,reported
4365,182,21,157,2026-09-10 00:38:07.243598,reported
4366,182,22,144,2026-08-31 00:38:07.243598,reported
4367,182,23,164,2026-09-15 00:38:07.243598,reported
4368,182,24,170,2026-09-05 00:38:07.243598,reported
4369,183,1,193,2026-08-06 00:38:07.243598,reported
4370,183,2,207,2026-08-07 00:38:07.243598,reported
4371,183,3,217,2026-09-02 00:38:07.243598,reported
4372,183,4,211,2026-08-08 00:38:07.243598,reported
4373,183,5,216,2026-09-08 00:38:07.243598,reported
4374,183,6,220,2026-08-05 00:38:07.243598,reported
4375,183,7,227,2026-09-21 00:38:07.243598,reported
4376,183,8,204,2026-09-16 00:38:07.243598,reported
4377,183,9,236,2026-08-22 00:38:07.243598,reported
4378,183,10,239,2026-09-24 00:38:07.243598,reported
4379,183,11,234,2026-09-07 00:38:07.243598,reported
4380,183,12,230,2026-08-07 00:38:07.243598,reported
4381,183,13,233,2026-08-20 00:38:07.243598,reported
4382,183,14,249,2026-09-09 00:38:07.243598,reported
4383,183,15,249,2026-08-31 00:38:07.243598,reported
4384,183,16,242,2026-07-31 00:38:07.243598,reported
4385,183,17,249,2026-08-16 00:38:07.243598,reported
4386,183,18,254,2026-08-16 00:38:07.243598,reported
4387,183,19,257,2026-09-02 00:38:07.243598,reported
4388,183,20,255,2026-08-15 00:38:07.243598,reported
4389,183,21,267,2026-08-10 00:38:07.243598,reported
4390,183,22,266,2026-09-08 00:38:07.243598,reported
4391,183,23,269,2026-08-01 00:38:07.243598,reported
4392,183,24,265,2026-09-23 00:38:07.243598,reported
4393,184,1,168,2026-08-12 00:38:07.243598,reported
4394,184,2,154,2026-09-20 00:38:07.243598,reported
4395,184,3,169,2026-08-06 00:38:07.243598,reported
4396,184,4,162,2026-08-29 00:38:07.243598,reported
4397,184,5,167,2026-07-31 00:38:07.243598,reported
4398,184,6,167,2026-08-21 00:38:07.243598,reported
4399,184,7,184,2026-08-03 00:38:07.243598,reported
4400,184,8,175,2026-08-03 00:38:07.243598,reported
4401,184,9,184,2026-09-15 00:38:07.243598,reported
4402,184,10,177,2026-08-27 00:38:07.243598,reported
4403,184,11,189,2026-09-13 00:38:07.243598,reported
4404,184,12,185,2026-09-05 00:38:07.243598,reported
4405,184,13,205,2026-09-02 00:38:07.243598,reported
4406,184,14,196,2026-08-20 00:38:07.243598,reported
4407,184,15,198,2026-09-06 00:38:07.243598,reported
4408,184,16,209,2026-08-27 00:38:07.243598,reported
4409,184,17,210,2026-09-04 00:38:07.243598,reported
4410,184,18,205,2026-08-03 00:38:07.243598,reported
4411,184,19,188,2026-09-13 00:38:07.243598,reported
4412,184,20,212,2026-08-21 00:38:07.243598,reported
4413,184,21,212,2026-08-20 00:38:07.243598,reported
4414,184,22,217,2026-09-22 00:38:07.243598,reported
4415,184,23,230,2026-07-31 00:38:07.243598,reported
4416,184,24,223,2026-08-12 00:38:07.243598,reported
4417,185,1,168,2026-08-22 00:38:07.243598,reported
4418,185,2,168,2026-08-21 00:38:07.243598,reported
4419,185,3,178,2026-09-17 00:38:07.243598,reported
4420,185,4,169,2026-08-22 00:38:07.243598,reported
4421,185,5,180,2026-08-27 00:38:07.243598,reported
4422,185,6,198,2026-09-20 00:38:07.243598,reported
4423,185,7,187,2026-08-10 00:38:07.243598,reported
4424,185,8,185,2026-08-16 00:38:07.243598,reported
4425,185,9,194,2026-08-22 00:38:07.243598,reported
4426,185,10,209,2026-08-09 00:38:07.243598,reported
4427,185,11,193,2026-07-31 00:38:07.243598,reported
4428,185,12,205,2026-08-30 00:38:07.243598,reported
4429,185,13,209,2026-08-13 00:38:07.243598,reported
4430,185,14,206,2026-08-18 00:38:07.243598,reported
4431,185,15,208,2026-08-29 00:38:07.243598,reported
4432,185,16,203,2026-08-04 00:38:07.243598,reported
4433,185,17,210,2026-08-12 00:38:07.243598,reported
4434,185,18,216,2026-08-25 00:38:07.243598,reported
4435,185,19,224,2026-08-08 00:38:07.243598,reported
4436,185,20,225,2026-09-12 00:38:07.243598,reported
4437,185,21,225,2026-08-19 00:38:07.243598,reported
4438,185,22,235,2026-09-03 00:38:07.243598,reported
4439,185,23,255,2026-08-15 00:38:07.243598,reported
4440,185,24,226,2026-08-03 00:38:07.243598,reported
4441,186,1,143,2026-08-24 00:38:07.243598,reported
4442,186,2,126,2026-08-01 00:38:07.243598,reported
4443,186,3,138,2026-09-20 00:38:07.243598,reported
4444,186,4,146,2026-08-01 00:38:07.243598,reported
4445,186,5,129,2026-08-09 00:38:07.243598,reported
4446,186,6,140,2026-08-03 00:38:07.243598,reported
4447,186,7,150,2026-08-29 00:38:07.243598,reported
4448,186,8,156,2026-09-14 00:38:07.243598,reported
4449,186,9,142,2026-08-28 00:38:07.243598,reported
4450,186,10,145,2026-08-05 00:38:07.243598,reported
4451,186,11,155,2026-09-01 00:38:07.243598,reported
4452,186,12,148,2026-08-17 00:38:07.243598,reported
4453,186,13,149,2026-08-12 00:38:07.243598,reported
4454,186,14,155,2026-09-12 00:38:07.243598,reported
4455,186,15,161,2026-08-24 00:38:07.243598,reported
4456,186,16,158,2026-08-24 00:38:07.243598,reported
4457,186,17,164,2026-08-27 00:38:07.243598,reported
4458,186,18,152,2026-08-14 00:38:07.243598,reported
4459,186,19,157,2026-08-27 00:38:07.243598,reported
4460,186,20,181,2026-08-30 00:38:07.243598,reported
4461,186,21,169,2026-08-28 00:38:07.243598,reported
4462,186,22,177,2026-09-21 00:38:07.243598,reported
4463,186,23,189,2026-09-06 00:38:07.243598,reported
4464,186,24,194,2026-08-06 00:38:07.243598,reported
4465,187,1,209,2026-08-08 00:38:07.243598,reported
4466,187,2,216,2026-09-09 00:38:07.243598,reported
4467,187,3,222,2026-09-15 00:38:07.243598,reported
4468,187,4,220,2026-09-05 00:38:07.243598,reported
4469,187,5,232,2026-08-10 00:38:07.243598,reported
4470,187,6,239,2026-09-13 00:38:07.243598,reported
4471,187,7,244,2026-09-02 00:38:07.243598,reported
4472,187,8,244,2026-09-06 00:38:07.243598,reported
4473,187,9,237,2026-09-19 00:38:07.243598,reported
4474,187,10,252,2026-09-22 00:38:07.243598,reported
4475,187,11,252,2026-09-08 00:38:07.243598,reported
4476,187,12,248,2026-09-10 00:38:07.243598,reported
4477,187,13,250,2026-08-24 00:38:07.243598,reported
4478,187,14,263,2026-08-27 00:38:07.243598,reported
4479,187,15,262,2026-08-11 00:38:07.243598,reported
4480,187,16,262,2026-08-16 00:38:07.243598,reported
4481,187,17,264,2026-08-22 00:38:07.243598,reported
4482,187,18,272,2026-08-14 00:38:07.243598,reported
4483,187,19,271,2026-08-15 00:38:07.243598,reported
4484,187,20,278,2026-09-02 00:38:07.243598,reported
4485,187,21,282,2026-08-10 00:38:07.243598,reported
4486,187,22,287,2026-09-03 00:38:07.243598,reported
4487,187,23,287,2026-08-18 00:38:07.243598,reported
4488,187,24,287,2026-09-08 00:38:07.243598,reported
4489,188,1,105,2026-09-23 00:38:07.243598,reported
4490,188,2,111,2026-09-05 00:38:07.243598,reported
4491,188,3,110,2026-08-06 00:38:07.243598,reported
4492,188,4,112,2026-08-21 00:38:07.243598,reported
4493,188,5,117,2026-08-27 00:38:07.243598,reported
4494,188,6,110,2026-09-17 00:38:07.243598,reported
4495,188,7,108,2026-08-24 00:38:07.243598,reported
4496,188,8,110,2026-09-13 00:38:07.243598,reported
4497,188,9,123,2026-09-04 00:38:07.243598,reported
4498,188,10,121,2026-08-23 00:38:07.243598,reported
4499,188,11,139,2026-08-05 00:38:07.243598,reported
4500,188,12,121,2026-08-13 00:38:07.243598,reported
4501,188,13,113,2026-08-27 00:38:07.243598,reported
4502,188,14,121,2026-09-06 00:38:07.243598,reported
4503,188,15,123,2026-08-28 00:38:07.243598,reported
4504,188,16,126,2026-08-14 00:38:07.243598,reported
4505,188,17,140,2026-08-13 00:38:07.243598,reported
4506,188,18,141,2026-08-14 00:38:07.243598,reported
4507,188,19,129,2026-09-18 00:38:07.243598,reported
4508,188,20,125,2026-08-31 00:38:07.243598,reported
4509,188,21,135,2026-08-12 00:38:07.243598,reported
4510,188,22,149,2026-08-23 00:38:07.243598,reported
4511,188,23,134,2026-08-19 00:38:07.243598,reported
4512,188,24,123,2026-08-09 00:38:07.243598,reported
4513,189,1,197,2026-09-16 00:38:07.243598,reported
4514,189,2,187,2026-09-09 00:38:07.243598,reported
4515,189,3,195,2026-09-08 00:38:07.243598,reported
4516,189,4,195,2026-08-27 00:38:07.243598,reported
4517,189,5,204,2026-09-19 00:38:07.243598,reported
4518,189,6,197,2026-09-13 00:38:07.243598,reported
4519,189,7,208,2026-09-20 00:38:07.243598,reported
4520,189,8,227,2026-09-02 00:38:07.243598,reported
4521,189,9,212,2026-09-05 00:38:07.243598,reported
4522,189,10,226,2026-09-16 00:38:07.243598,reported
4523,189,11,222,2026-07-31 00:38:07.243598,reported
4524,189,12,217,2026-09-05 00:38:07.243598,reported
4525,189,13,228,2026-08-25 00:38:07.243598,reported
4526,189,14,218,2026-09-05 00:38:07.243598,reported
4527,189,15,240,2026-08-11 00:38:07.243598,reported
4528,189,16,233,2026-08-15 00:38:07.243598,reported
4529,189,17,231,2026-09-07 00:38:07.243598,reported
4530,189,18,237,2026-08-16 00:38:07.243598,reported
4531,189,19,235,2026-09-01 00:38:07.243598,reported
4532,189,20,243,2026-09-19 00:38:07.243598,reported
4533,189,21,244,2026-09-16 00:38:07.243598,reported
4534,189,22,261,2026-09-20 00:38:07.243598,reported
4535,189,23,258,2026-09-03 00:38:07.243598,reported
4536,189,24,254,2026-09-03 00:38:07.243598,reported
4537,190,1,135,2026-08-13 00:38:07.243598,reported
4538,190,2,123,2026-08-08 00:38:07.243598,reported
4539,190,3,150,2026-09-03 00:38:07.243598,reported
4540,190,4,143,2026-08-01 00:38:07.243598,reported
4541,190,5,142,2026-08-21 00:38:07.243598,reported
4542,190,6,149,2026-08-28 00:38:07.243598,reported
4543,190,7,165,2026-08-22 00:38:07.243598,reported
4544,190,8,149,2026-09-17 00:38:07.243598,reported
4545,190,9,170,2026-08-05 00:38:07.243598,reported
4546,190,10,162,2026-08-17 00:38:07.243598,reported
4547,190,11,164,2026-08-12 00:38:07.243598,reported
4548,190,12,161,2026-08-21 00:38:07.243598,reported
4549,190,13,169,2026-08-15 00:38:07.243598,reported
4550,190,14,178,2026-09-05 00:38:07.243598,reported
4551,190,15,155,2026-08-27 00:38:07.243598,reported
4552,190,16,162,2026-08-31 00:38:07.243598,reported
4553,190,17,178,2026-08-25 00:38:07.243598,reported
4554,190,18,184,2026-08-31 00:38:07.243598,reported
4555,190,19,175,2026-08-06 00:38:07.243598,reported
4556,190,20,182,2026-09-08 00:38:07.243598,reported
4557,190,21,194,2026-08-23 00:38:07.243598,reported
4558,190,22,188,2026-08-11 00:38:07.243598,reported
4559,190,23,185,2026-08-11 00:38:07.243598,reported
4560,190,24,189,2026-08-31 00:38:07.243598,reported
4561,191,1,166,2026-08-13 00:38:07.243598,reported
4562,191,2,152,2026-08-15 00:38:07.243598,reported
4563,191,3,150,2026-08-21 00:38:07.243598,reported
4564,191,4,136,2026-08-29 00:38:07.243598,reported
4565,191,5,150,2026-09-09 00:38:07.243598,reported
4566,191,6,159,2026-08-16 00:38:07.243598,reported
4567,191,7,169,2026-07-31 00:38:07.243598,reported
4568,191,8,169,2026-08-03 00:38:07.243598,reported
4569,191,9,185,2026-09-18 00:38:07.243598,reported
4570,191,10,169,2026-08-19 00:38:07.243598,reported
4571,191,11,179,2026-08-03 00:38:07.243598,reported
4572,191,12,170,2026-09-18 00:38:07.243598,reported
4573,191,13,188,2026-09-11 00:38:07.243598,reported
4574,191,14,181,2026-08-19 00:38:07.243598,reported
4575,191,15,201,2026-09-09 00:38:07.243598,reported
4576,191,16,190,2026-08-29 00:38:07.243598,reported
4577,191,17,179,2026-08-24 00:38:07.243598,reported
4578,191,18,184,2026-09-13 00:38:07.243598,reported
4579,191,19,206,2026-09-09 00:38:07.243598,reported
4580,191,20,187,2026-09-21 00:38:07.243598,reported
4581,191,21,202,2026-08-06 00:38:07.243598,reported
4582,191,22,203,2026-08-07 00:38:07.243598,reported
4583,191,23,193,2026-09-06 00:38:07.243598,reported
4584,191,24,211,2026-09-08 00:38:07.243598,reported
4585,192,1,222,2026-08-14 00:38:07.243598,reported
4586,192,2,216,2026-08-12 00:38:07.243598,reported
4587,192,3,238,2026-09-23 00:38:07.243598,reported
4588,192,4,242,2026-08-18 00:38:07.243598,reported
4589,192,5,236,2026-08-19 00:38:07.243598,reported
4590,192,6,238,2026-09-23 00:38:07.243598,reported
4591,192,7,252,2026-08-26 00:38:07.243598,reported
4592,192,8,269,2026-09-22 00:38:07.243598,reported
4593,192,9,243,2026-09-23 00:38:07.243598,reported
4594,192,10,273,2026-09-08 00:38:07.243598,reported
4595,192,11,261,2026-08-18 00:38:07.243598,reported
4596,192,12,269,2026-08-21 00:38:07.243598,reported
4597,192,13,262,2026-09-10 00:38:07.243598,reported
4598,192,14,277,2026-08-27 00:38:07.243598,reported
4599,192,15,270,2026-08-16 00:38:07.243598,reported
4600,192,16,277,2026-08-17 00:38:07.243598,reported
4601,192,17,290,2026-09-12 00:38:07.243598,reported
4602,192,18,277,2026-08-01 00:38:07.243598,reported
4603,192,19,286,2026-09-09 00:38:07.243598,reported
4604,192,20,288,2026-08-03 00:38:07.243598,reported
4605,192,21,289,2026-09-17 00:38:07.243598,reported
4606,192,22,310,2026-09-13 00:38:07.243598,reported
4607,192,23,299,2026-09-05 00:38:07.243598,reported
4608,192,24,307,2026-08-27 00:38:07.243598,reported
4609,193,1,89,2026-09-14 00:38:07.243598,reported
4610,193,2,106,2026-08-30 00:38:07.243598,reported
4611,193,3,107,2026-09-05 00:38:07.243598,reported
4612,193,4,89,2026-08-01 00:38:07.243598,reported
4613,193,5,100,2026-09-23 00:38:07.243598,reported
4614,193,6,108,2026-08-01 00:38:07.243598,reported
4615,193,7,106,2026-09-07 00:38:07.243598,reported
4616,193,8,108,2026-09-09 00:38:07.243598,reported
4617,193,9,110,2026-08-16 00:38:07.243598,reported
4618,193,10,121,2026-08-22 00:38:07.243598,reported
4619,193,11,108,2026-09-01 00:38:07.243598,reported
4620,193,12,124,2026-08-12 00:38:07.243598,reported
4621,193,13,111,2026-09-07 00:38:07.243598,reported
4622,193,14,113,2026-09-08 00:38:07.243598,reported
4623,193,15,121,2026-08-12 00:38:07.243598,reported
4624,193,16,129,2026-08-30 00:38:07.243598,reported
4625,193,17,146,2026-09-18 00:38:07.243598,reported
4626,193,18,108,2026-09-23 00:38:07.243598,reported
4627,193,19,123,2026-09-15 00:38:07.243598,reported
4628,193,20,120,2026-08-23 00:38:07.243598,reported
4629,193,21,120,2026-08-10 00:38:07.243598,reported
4630,193,22,114,2026-08-23 00:38:07.243598,reported
4631,193,23,137,2026-08-27 00:38:07.243598,reported
4632,193,24,126,2026-09-02 00:38:07.243598,reported
4633,194,1,175,2026-09-14 00:38:07.243598,reported
4634,194,2,176,2026-09-03 00:38:07.243598,reported
4635,194,3,172,2026-09-21 00:38:07.243598,reported
4636,194,4,178,2026-09-16 00:38:07.243598,reported
4637,194,5,181,2026-08-12 00:38:07.243598,reported
4638,194,6,185,2026-08-11 00:38:07.243598,reported
4639,194,7,193,2026-08-14 00:38:07.243598,reported
4640,194,8,200,2026-08-27 00:38:07.243598,reported
4641,194,9,191,2026-08-09 00:38:07.243598,reported
4642,194,10,201,2026-08-12 00:38:07.243598,reported
4643,194,11,199,2026-08-19 00:38:07.243598,reported
4644,194,12,203,2026-07-31 00:38:07.243598,reported
4645,194,13,205,2026-09-09 00:38:07.243598,reported
4646,194,14,204,2026-08-22 00:38:07.243598,reported
4647,194,15,223,2026-08-23 00:38:07.243598,reported
4648,194,16,211,2026-09-01 00:38:07.243598,reported
4649,194,17,221,2026-09-21 00:38:07.243598,reported
4650,194,18,221,2026-09-08 00:38:07.243598,reported
4651,194,19,214,2026-09-01 00:38:07.243598,reported
4652,194,20,219,2026-08-14 00:38:07.243598,reported
4653,194,21,218,2026-09-06 00:38:07.243598,reported
4654,194,22,231,2026-09-13 00:38:07.243598,reported
4655,194,23,233,2026-09-23 00:38:07.243598,reported
4656,194,24,243,2026-08-12 00:38:07.243598,reported
4657,195,1,185,2026-09-12 00:38:07.243598,reported
4658,195,2,172,2026-09-14 00:38:07.243598,reported
4659,195,3,183,2026-08-18 00:38:07.243598,reported
4660,195,4,181,2026-08-16 00:38:07.243598,reported
4661,195,5,192,2026-08-15 00:38:07.243598,reported
4662,195,6,197,2026-09-07 00:38:07.243598,reported
4663,195,7,181,2026-08-16 00:38:07.243598,reported
4664,195,8,209,2026-09-21 00:38:07.243598,reported
4665,195,9,188,2026-08-22 00:38:07.243598,reported
4666,195,10,196,2026-08-05 00:38:07.243598,reported
4667,195,11,199,2026-09-08 00:38:07.243598,reported
4668,195,12,216,2026-08-22 00:38:07.243598,reported
4669,195,13,215,2026-09-22 00:38:07.243598,reported
4670,195,14,199,2026-08-24 00:38:07.243598,reported
4671,195,15,217,2026-08-01 00:38:07.243598,reported
4672,195,16,214,2026-08-15 00:38:07.243598,reported
4673,195,17,235,2026-09-22 00:38:07.243598,reported
4674,195,18,217,2026-08-12 00:38:07.243598,reported
4675,195,19,214,2026-08-28 00:38:07.243598,reported
4676,195,20,239,2026-08-28 00:38:07.243598,reported
4677,195,21,220,2026-09-09 00:38:07.243598,reported
4678,195,22,239,2026-08-01 00:38:07.243598,reported
4679,195,23,219,2026-08-05 00:38:07.243598,reported
4680,195,24,247,2026-08-16 00:38:07.243598,reported
4681,196,1,151,2026-08-23 00:38:07.243598,reported
4682,196,2,149,2026-09-02 00:38:07.243598,reported
4683,196,3,157,2026-09-23 00:38:07.243598,reported
4684,196,4,147,2026-09-02 00:38:07.243598,reported
4685,196,5,163,2026-08-25 00:38:07.243598,reported
4686,196,6,149,2026-09-22 00:38:07.243598,reported
4687,196,7,166,2026-08-24 00:38:07.243598,reported
4688,196,8,178,2026-08-06 00:38:07.243598,reported
4689,196,9,154,2026-08-03 00:38:07.243598,reported
4690,196,10,162,2026-08-13 00:38:07.243598,reported
4691,196,11,167,2026-09-16 00:38:07.243598,reported
4692,196,12,178,2026-09-23 00:38:07.243598,reported
4693,196,13,156,2026-08-31 00:38:07.243598,reported
4694,196,14,171,2026-09-07 00:38:07.243598,reported
4695,196,15,189,2026-09-24 00:38:07.243598,reported
4696,196,16,183,2026-08-31 00:38:07.243598,reported
4697,196,17,188,2026-08-24 00:38:07.243598,reported
4698,196,18,194,2026-08-08 00:38:07.243598,reported
4699,196,19,205,2026-09-10 00:38:07.243598,reported
4700,196,20,193,2026-08-17 00:38:07.243598,reported
4701,196,21,194,2026-09-08 00:38:07.243598,reported
4702,196,22,195,2026-09-05 00:38:07.243598,reported
4703,196,23,199,2026-09-17 00:38:07.243598,reported
4704,196,24,206,2026-08-13 00:38:07.243598,reported
4705,197,1,210,2026-08-07 00:38:07.243598,reported
4706,197,2,214,2026-08-21 00:38:07.243598,reported
4707,197,3,215,2026-09-22 00:38:07.243598,reported
4708,197,4,237,2026-09-12 00:38:07.243598,reported
4709,197,5,239,2026-09-22 00:38:07.243598,reported
4710,197,6,247,2026-09-09 00:38:07.243598,reported
4711,197,7,236,2026-08-02 00:38:07.243598,reported
4712,197,8,234,2026-08-25 00:38:07.243598,reported
4713,197,9,237,2026-09-14 00:38:07.243598,reported
4714,197,10,240,2026-09-21 00:38:07.243598,reported
4715,197,11,238,2026-08-28 00:38:07.243598,reported
4716,197,12,257,2026-09-19 00:38:07.243598,reported
4717,197,13,260,2026-08-31 00:38:07.243598,reported
4718,197,14,264,2026-09-06 00:38:07.243598,reported
4719,197,15,274,2026-08-19 00:38:07.243598,reported
4720,197,16,263,2026-09-17 00:38:07.243598,reported
4721,197,17,262,2026-08-31 00:38:07.243598,reported
4722,197,18,275,2026-09-05 00:38:07.243598,reported
4723,197,19,280,2026-08-06 00:38:07.243598,reported
4724,197,20,288,2026-08-24 00:38:07.243598,reported
4725,197,21,275,2026-08-19 00:38:07.243598,reported
4726,197,22,289,2026-09-23 00:38:07.243598,reported
4727,197,23,288,2026-09-22 00:38:07.243598,reported
4728,197,24,297,2026-08-23 00:38:07.243598,reported
4729,198,1,108,2026-08-15 00:38:07.243598,reported
4730,198,2,102,2026-09-01 00:38:07.243598,reported
4731,198,3,99,2026-09-14 00:38:07.243598,reported
4732,198,4,102,2026-09-18 00:38:07.243598,reported
4733,198,5,98,2026-08-20 00:38:07.243598,reported
4734,198,6,119,2026-08-20 00:38:07.243598,reported
4735,198,7,108,2026-09-16 00:38:07.243598,reported
4736,198,8,119,2026-09-10 00:38:07.243598,reported
4737,198,9,120,2026-09-16 00:38:07.243598,reported
4738,198,10,128,2026-08-28 00:38:07.243598,reported
4739,198,11,105,2026-08-16 00:38:07.243598,reported
4740,198,12,119,2026-08-24 00:38:07.243598,reported
4741,198,13,121,2026-08-07 00:38:07.243598,reported
4742,198,14,114,2026-08-02 00:38:07.243598,reported
4743,198,15,130,2026-08-25 00:38:07.243598,reported
4744,198,16,108,2026-08-20 00:38:07.243598,reported
4745,198,17,121,2026-09-05 00:38:07.243598,reported
4746,198,18,131,2026-09-11 00:38:07.243598,reported
4747,198,19,138,2026-09-17 00:38:07.243598,reported
4748,198,20,133,2026-08-18 00:38:07.243598,reported
4749,198,21,118,2026-08-19 00:38:07.243598,reported
4750,198,22,131,2026-08-20 00:38:07.243598,reported
4751,198,23,153,2026-09-15 00:38:07.243598,reported
4752,198,24,148,2026-09-20 00:38:07.243598,reported
4753,199,1,82,2026-08-14 00:38:07.243598,reported
4754,199,2,75,2026-09-04 00:38:07.243598,reported
4755,199,3,84,2026-09-23 00:38:07.243598,reported
4756,199,4,99,2026-09-10 00:38:07.243598,reported
4757,199,5,92,2026-08-21 00:38:07.243598,reported
4758,199,6,95,2026-08-20 00:38:07.243598,reported
4759,199,7,94,2026-08-25 00:38:07.243598,reported
4760,199,8,97,2026-09-01 00:38:07.243598,reported
4761,199,9,102,2026-09-03 00:38:07.243598,reported
4762,199,10,111,2026-09-18 00:38:07.243598,reported
4763,199,11,99,2026-07-31 00:38:07.243598,reported
4764,199,12,94,2026-09-04 00:38:07.243598,reported
4765,199,13,117,2026-08-11 00:38:07.243598,reported
4766,199,14,90,2026-08-28 00:38:07.243598,reported
4767,199,15,96,2026-09-18 00:38:07.243598,reported
4768,199,16,101,2026-09-10 00:38:07.243598,reported
4769,199,17,111,2026-08-10 00:38:07.243598,reported
4770,199,18,107,2026-08-25 00:38:07.243598,reported
4771,199,19,100,2026-09-13 00:38:07.243598,reported
4772,199,20,110,2026-08-09 00:38:07.243598,reported
4773,199,21,123,2026-09-08 00:38:07.243598,reported
4774,199,22,114,2026-08-31 00:38:07.243598,reported
4775,199,23,123,2026-08-22 00:38:07.243598,reported
4776,199,24,134,2026-08-03 00:38:07.243598,reported
4777,200,1,133,2026-09-06 00:38:07.243598,reported
4778,200,2,132,2026-08-05 00:38:07.243598,reported
4779,200,3,149,2026-09-22 00:38:07.243598,reported
4780,200,4,164,2026-08-29 00:38:07.243598,reported
4781,200,5,159,2026-09-09 00:38:07.243598,reported
4782,200,6,160,2026-08-12 00:38:07.243598,reported
4783,200,7,148,2026-09-23 00:38:07.243598,reported
4784,200,8,155,2026-08-18 00:38:07.243598,reported
4785,200,9,148,2026-08-10 00:38:07.243598,reported
4786,200,10,161,2026-08-16 00:38:07.243598,reported
4787,200,11,171,2026-09-08 00:38:07.243598,reported
4788,200,12,168,2026-08-09 00:38:07.243598,reported
4789,200,13,166,2026-09-12 00:38:07.243598,reported
4790,200,14,166,2026-09-10 00:38:07.243598,reported
4791,200,15,172,2026-09-15 00:38:07.243598,reported
4792,200,16,178,2026-08-05 00:38:07.243598,reported
4793,200,17,171,2026-08-31 00:38:07.243598,reported
4794,200,18,189,2026-08-14 00:38:07.243598,reported
4795,200,19,180,2026-08-19 00:38:07.243598,reported
4796,200,20,171,2026-08-11 00:38:07.243598,reported
4797,200,21,183,2026-09-06 00:38:07.243598,reported
4798,200,22,195,2026-08-04 00:38:07.243598,reported
4799,200,23,186,2026-08-27 00:38:07.243598,reported
4800,200,24,183,2026-08-11 00:38:07.243598,reported
4801,201,1,206,2026-09-11 00:38:07.243598,reported
4802,201,2,195,2026-09-02 00:38:07.243598,reported
4803,201,3,209,2026-08-11 00:38:07.243598,reported
4804,201,4,210,2026-09-09 00:38:07.243598,reported
4805,201,5,208,2026-09-08 00:38:07.243598,reported
4806,201,6,212,2026-09-10 00:38:07.243598,reported
4807,201,7,227,2026-08-24 00:38:07.243598,reported
4808,201,8,226,2026-08-11 00:38:07.243598,reported
4809,201,9,220,2026-09-18 00:38:07.243598,reported
4810,201,10,239,2026-08-17 00:38:07.243598,reported
4811,201,11,235,2026-08-15 00:38:07.243598,reported
4812,201,12,234,2026-08-12 00:38:07.243598,reported
4813,201,13,240,2026-08-05 00:38:07.243598,reported
4814,201,14,238,2026-08-10 00:38:07.243598,reported
4815,201,15,251,2026-08-10 00:38:07.243598,reported
4816,201,16,243,2026-08-04 00:38:07.243598,reported
4817,201,17,254,2026-08-17 00:38:07.243598,reported
4818,201,18,253,2026-08-02 00:38:07.243598,reported
4819,201,19,255,2026-08-16 00:38:07.243598,reported
4820,201,20,257,2026-08-26 00:38:07.243598,reported
4821,201,21,263,2026-08-07 00:38:07.243598,reported
4822,201,22,267,2026-09-05 00:38:07.243598,reported
4823,201,23,260,2026-09-16 00:38:07.243598,reported
4824,201,24,277,2026-09-02 00:38:07.243598,reported
4825,202,1,124,2026-09-16 00:38:07.243598,reported
4826,202,2,124,2026-09-24 00:38:07.243598,reported
4827,202,3,127,2026-08-21 00:38:07.243598,reported
4828,202,4,134,2026-09-01 00:38:07.243598,reported
4829,202,5,119,2026-09-05 00:38:07.243598,reported
4830,202,6,131,2026-09-24 00:38:07.243598,reported
4831,202,7,132,2026-08-08 00:38:07.243598,reported
4832,202,8,146,2026-09-23 00:38:07.243598,reported
4833,202,9,134,2026-09-09 00:38:07.243598,reported
4834,202,10,138,2026-08-08 00:38:07.243598,reported
4835,202,11,150,2026-09-19 00:38:07.243598,reported
4836,202,12,148,2026-09-21 00:38:07.243598,reported
4837,202,13,141,2026-08-16 00:38:07.243598,reported
4838,202,14,162,2026-09-07 00:38:07.243598,reported
4839,202,15,144,2026-08-29 00:38:07.243598,reported
4840,202,16,166,2026-09-17 00:38:07.243598,reported
4841,202,17,153,2026-09-07 00:38:07.243598,reported
4842,202,18,154,2026-09-23 00:38:07.243598,reported
4843,202,19,158,2026-09-02 00:38:07.243598,reported
4844,202,20,157,2026-08-24 00:38:07.243598,reported
4845,202,21,162,2026-08-14 00:38:07.243598,reported
4846,202,22,158,2026-08-01 00:38:07.243598,reported
4847,202,23,144,2026-09-14 00:38:07.243598,reported
4848,202,24,167,2026-09-14 00:38:07.243598,reported
4849,203,1,237,2026-09-10 00:38:07.243598,reported
4850,203,2,224,2026-09-08 00:38:07.243598,reported
4851,203,3,237,2026-09-13 00:38:07.243598,reported
4852,203,4,242,2026-08-07 00:38:07.243598,reported
4853,203,5,240,2026-09-02 00:38:07.243598,reported
4854,203,6,263,2026-08-09 00:38:07.243598,reported
4855,203,7,250,2026-09-12 00:38:07.243598,reported
4856,203,8,250,2026-08-30 00:38:07.243598,reported
4857,203,9,256,2026-09-02 00:38:07.243598,reported
4858,203,10,255,2026-09-23 00:38:07.243598,reported
4859,203,11,268,2026-08-22 00:38:07.243598,reported
4860,203,12,267,2026-08-21 00:38:07.243598,reported
4861,203,13,271,2026-08-13 00:38:07.243598,reported
4862,203,14,285,2026-08-12 00:38:07.243598,reported
4863,203,15,289,2026-08-24 00:38:07.243598,reported
4864,203,16,286,2026-08-08 00:38:07.243598,reported
4865,203,17,290,2026-08-14 00:38:07.243598,reported
4866,203,18,281,2026-07-31 00:38:07.243598,reported
4867,203,19,288,2026-09-23 00:38:07.243598,reported
4868,203,20,294,2026-09-01 00:38:07.243598,reported
4869,203,21,299,2026-08-29 00:38:07.243598,reported
4870,203,22,284,2026-08-08 00:38:07.243598,reported
4871,203,23,313,2026-09-18 00:38:07.243598,reported
4872,203,24,304,2026-08-02 00:38:07.243598,reported
4873,204,1,113,2026-08-29 00:38:07.243598,reported
4874,204,2,132,2026-08-18 00:38:07.243598,reported
4875,204,3,124,2026-07-31 00:38:07.243598,reported
4876,204,4,116,2026-09-18 00:38:07.243598,reported
4877,204,5,120,2026-08-25 00:38:07.243598,reported
4878,204,6,122,2026-08-27 00:38:07.243598,reported
4879,204,7,120,2026-08-01 00:38:07.243598,reported
4880,204,8,130,2026-09-01 00:38:07.243598,reported
4881,204,9,127,2026-08-01 00:38:07.243598,reported
4882,204,10,135,2026-08-11 00:38:07.243598,reported
4883,204,11,137,2026-08-21 00:38:07.243598,reported
4884,204,12,139,2026-08-23 00:38:07.243598,reported
4885,204,13,145,2026-09-11 00:38:07.243598,reported
4886,204,14,147,2026-09-15 00:38:07.243598,reported
4887,204,15,129,2026-08-06 00:38:07.243598,reported
4888,204,16,162,2026-08-23 00:38:07.243598,reported
4889,204,17,153,2026-09-17 00:38:07.243598,reported
4890,204,18,160,2026-08-02 00:38:07.243598,reported
4891,204,19,150,2026-09-13 00:38:07.243598,reported
4892,204,20,155,2026-09-11 00:38:07.243598,reported
4893,204,21,142,2026-08-06 00:38:07.243598,reported
4894,204,22,148,2026-08-15 00:38:07.243598,reported
4895,204,23,165,2026-09-10 00:38:07.243598,reported
4896,204,24,163,2026-09-21 00:38:07.243598,reported
4897,205,1,156,2026-09-19 00:38:07.243598,reported
4898,205,2,137,2026-09-12 00:38:07.243598,reported
4899,205,3,151,2026-08-03 00:38:07.243598,reported
4900,205,4,146,2026-08-07 00:38:07.243598,reported
4901,205,5,141,2026-08-11 00:38:07.243598,reported
4902,205,6,157,2026-09-11 00:38:07.243598,reported
4903,205,7,158,2026-09-15 00:38:07.243598,reported
4904,205,8,151,2026-08-29 00:38:07.243598,reported
4905,205,9,156,2026-09-08 00:38:07.243598,reported
4906,205,10,158,2026-08-27 00:38:07.243598,reported
4907,205,11,179,2026-08-13 00:38:07.243598,reported
4908,205,12,189,2026-09-07 00:38:07.243598,reported
4909,205,13,174,2026-08-11 00:38:07.243598,reported
4910,205,14,168,2026-09-21 00:38:07.243598,reported
4911,205,15,179,2026-09-13 00:38:07.243598,reported
4912,205,16,178,2026-08-25 00:38:07.243598,reported
4913,205,17,164,2026-09-17 00:38:07.243598,reported
4914,205,18,178,2026-08-16 00:38:07.243598,reported
4915,205,19,184,2026-09-13 00:38:07.243598,reported
4916,205,20,173,2026-08-02 00:38:07.243598,reported
4917,205,21,185,2026-08-07 00:38:07.243598,reported
4918,205,22,195,2026-09-12 00:38:07.243598,reported
4919,205,23,179,2026-08-17 00:38:07.243598,reported
4920,205,24,181,2026-08-24 00:38:07.243598,reported
4921,206,1,98,2026-09-13 00:38:07.243598,reported
4922,206,2,96,2026-09-15 00:38:07.243598,reported
4923,206,3,93,2026-08-14 00:38:07.243598,reported
4924,206,4,102,2026-09-15 00:38:07.243598,reported
4925,206,5,105,2026-09-05 00:38:07.243598,reported
4926,206,6,93,2026-09-17 00:38:07.243598,reported
4927,206,7,102,2026-09-09 00:38:07.243598,reported
4928,206,8,100,2026-08-23 00:38:07.243598,reported
4929,206,9,81,2026-08-13 00:38:07.243598,reported
4930,206,10,109,2026-08-14 00:38:07.243598,reported
4931,206,11,108,2026-09-03 00:38:07.243598,reported
4932,206,12,109,2026-08-23 00:38:07.243598,reported
4933,206,13,97,2026-08-25 00:38:07.243598,reported
4934,206,14,112,2026-09-05 00:38:07.243598,reported
4935,206,15,104,2026-09-19 00:38:07.243598,reported
4936,206,16,107,2026-08-09 00:38:07.243598,reported
4937,206,17,107,2026-08-12 00:38:07.243598,reported
4938,206,18,120,2026-09-06 00:38:07.243598,reported
4939,206,19,118,2026-08-09 00:38:07.243598,reported
4940,206,20,120,2026-08-28 00:38:07.243598,reported
4941,206,21,118,2026-09-20 00:38:07.243598,reported
4942,206,22,116,2026-08-08 00:38:07.243598,reported
4943,206,23,140,2026-09-07 00:38:07.243598,reported
4944,206,24,109,2026-09-03 00:38:07.243598,reported
4945,207,1,122,2026-08-28 00:38:07.243598,reported
4946,207,2,141,2026-09-22 00:38:07.243598,reported
4947,207,3,144,2026-09-19 00:38:07.243598,reported
4948,207,4,133,2026-08-31 00:38:07.243598,reported
4949,207,5,120,2026-08-06 00:38:07.243598,reported
4950,207,6,142,2026-09-08 00:38:07.243598,reported
4951,207,7,155,2026-08-03 00:38:07.243598,reported
4952,207,8,153,2026-09-21 00:38:07.243598,reported
4953,207,9,144,2026-09-13 00:38:07.243598,reported
4954,207,10,168,2026-09-05 00:38:07.243598,reported
4955,207,11,140,2026-08-18 00:38:07.243598,reported
4956,207,12,145,2026-08-10 00:38:07.243598,reported
4957,207,13,150,2026-08-17 00:38:07.243598,reported
4958,207,14,149,2026-09-19 00:38:07.243598,reported
4959,207,15,166,2026-08-16 00:38:07.243598,reported
4960,207,16,161,2026-08-07 00:38:07.243598,reported
4961,207,17,153,2026-08-12 00:38:07.243598,reported
4962,207,18,167,2026-09-22 00:38:07.243598,reported
4963,207,19,169,2026-08-19 00:38:07.243598,reported
4964,207,20,188,2026-08-19 00:38:07.243598,reported
4965,207,21,185,2026-09-22 00:38:07.243598,reported
4966,207,22,183,2026-08-28 00:38:07.243598,reported
4967,207,23,170,2026-08-09 00:38:07.243598,reported
4968,207,24,194,2026-08-26 00:38:07.243598,reported
4969,208,1,143,2026-09-14 00:38:07.243598,reported
4970,208,2,169,2026-08-17 00:38:07.243598,reported
4971,208,3,161,2026-08-04 00:38:07.243598,reported
4972,208,4,161,2026-09-01 00:38:07.243598,reported
4973,208,5,158,2026-09-08 00:38:07.243598,reported
4974,208,6,173,2026-09-09 00:38:07.243598,reported
4975,208,7,162,2026-08-30 00:38:07.243598,reported
4976,208,8,165,2026-08-07 00:38:07.243598,reported
4977,208,9,173,2026-08-30 00:38:07.243598,reported
4978,208,10,169,2026-08-10 00:38:07.243598,reported
4979,208,11,174,2026-08-16 00:38:07.243598,reported
4980,208,12,175,2026-08-23 00:38:07.243598,reported
4981,208,13,190,2026-09-16 00:38:07.243598,reported
4982,208,14,193,2026-08-25 00:38:07.243598,reported
4983,208,15,197,2026-08-05 00:38:07.243598,reported
4984,208,16,178,2026-09-21 00:38:07.243598,reported
4985,208,17,194,2026-08-16 00:38:07.243598,reported
4986,208,18,196,2026-08-20 00:38:07.243598,reported
4987,208,19,205,2026-09-14 00:38:07.243598,reported
4988,208,20,207,2026-08-30 00:38:07.243598,reported
4989,208,21,200,2026-09-14 00:38:07.243598,reported
4990,208,22,217,2026-09-20 00:38:07.243598,reported
4991,208,23,201,2026-09-03 00:38:07.243598,reported
4992,208,24,206,2026-09-20 00:38:07.243598,reported
4993,209,1,118,2026-08-28 00:38:07.243598,reported
4994,209,2,126,2026-09-15 00:38:07.243598,reported
4995,209,3,116,2026-09-15 00:38:07.243598,reported
4996,209,4,108,2026-09-08 00:38:07.243598,reported
4997,209,5,109,2026-09-14 00:38:07.243598,reported
4998,209,6,111,2026-08-17 00:38:07.243598,reported
4999,209,7,121,2026-09-12 00:38:07.243598,reported
5000,209,8,132,2026-09-23 00:38:07.243598,reported
5001,209,9,129,2026-08-06 00:38:07.243598,reported
5002,209,10,142,2026-08-20 00:38:07.243598,reported
5003,209,11,136,2026-08-30 00:38:07.243598,reported
5004,209,12,133,2026-08-06 00:38:07.243598,reported
5005,209,13,125,2026-08-15 00:38:07.243598,reported
5006,209,14,139,2026-09-24 00:38:07.243598,reported
5007,209,15,138,2026-09-08 00:38:07.243598,reported
5008,209,16,143,2026-08-09 00:38:07.243598,reported
5009,209,17,137,2026-09-07 00:38:07.243598,reported
5010,209,18,136,2026-08-04 00:38:07.243598,reported
5011,209,19,137,2026-09-11 00:38:07.243598,reported
5012,209,20,153,2026-08-20 00:38:07.243598,reported
5013,209,21,146,2026-08-01 00:38:07.243598,reported
5014,209,22,155,2026-09-17 00:38:07.243598,reported
5015,209,23,150,2026-08-03 00:38:07.243598,reported
5016,209,24,155,2026-08-24 00:38:07.243598,reported
5017,210,1,94,2026-09-01 00:38:07.243598,reported
5018,210,2,101,2026-08-20 00:38:07.243598,reported
5019,210,3,105,2026-09-23 00:38:07.243598,reported
5020,210,4,84,2026-09-11 00:38:07.243598,reported
5021,210,5,89,2026-08-02 00:38:07.243598,reported
5022,210,6,96,2026-08-27 00:38:07.243598,reported
5023,210,7,98,2026-08-18 00:38:07.243598,reported
5024,210,8,98,2026-08-13 00:38:07.243598,reported
5025,210,9,112,2026-08-25 00:38:07.243598,reported
5026,210,10,117,2026-08-18 00:38:07.243598,reported
5027,210,11,88,2026-09-23 00:38:07.243598,reported
5028,210,12,95,2026-08-07 00:38:07.243598,reported
5029,210,13,97,2026-09-18 00:38:07.243598,reported
5030,210,14,115,2026-08-20 00:38:07.243598,reported
5031,210,15,110,2026-08-17 00:38:07.243598,reported
5032,210,16,103,2026-09-05 00:38:07.243598,reported
5033,210,17,120,2026-09-22 00:38:07.243598,reported
5034,210,18,111,2026-09-13 00:38:07.243598,reported
5035,210,19,133,2026-08-15 00:38:07.243598,reported
5036,210,20,134,2026-08-30 00:38:07.243598,reported
5037,210,21,127,2026-08-27 00:38:07.243598,reported
5038,210,22,110,2026-09-16 00:38:07.243598,reported
5039,210,23,117,2026-08-23 00:38:07.243598,reported
5040,210,24,127,2026-08-09 00:38:07.243598,reported
5041,211,1,106,2026-09-18 00:38:07.243598,reported
5042,211,2,109,2026-09-02 00:38:07.243598,reported
5043,211,3,106,2026-08-16 00:38:07.243598,reported
5044,211,4,105,2026-08-04 00:38:07.243598,reported
5045,211,5,102,2026-08-25 00:38:07.243598,reported
5046,211,6,124,2026-08-19 00:38:07.243598,reported
5047,211,7,103,2026-08-29 00:38:07.243598,reported
5048,211,8,108,2026-09-23 00:38:07.243598,reported
5049,211,9,119,2026-08-25 00:38:07.243598,reported
5050,211,10,122,2026-08-02 00:38:07.243598,reported
5051,211,11,125,2026-08-16 00:38:07.243598,reported
5052,211,12,129,2026-08-05 00:38:07.243598,reported
5053,211,13,126,2026-08-17 00:38:07.243598,reported
5054,211,14,113,2026-08-27 00:38:07.243598,reported
5055,211,15,126,2026-08-23 00:38:07.243598,reported
5056,211,16,123,2026-08-16 00:38:07.243598,reported
5057,211,17,131,2026-09-08 00:38:07.243598,reported
5058,211,18,119,2026-09-01 00:38:07.243598,reported
5059,211,19,137,2026-09-10 00:38:07.243598,reported
5060,211,20,127,2026-08-04 00:38:07.243598,reported
5061,211,21,132,2026-08-06 00:38:07.243598,reported
5062,211,22,147,2026-09-23 00:38:07.243598,reported
5063,211,23,134,2026-08-15 00:38:07.243598,reported
5064,211,24,145,2026-08-17 00:38:07.243598,reported
5065,212,1,125,2026-08-12 00:38:07.243598,reported
5066,212,2,107,2026-09-02 00:38:07.243598,reported
5067,212,3,110,2026-09-24 00:38:07.243598,reported
5068,212,4,125,2026-09-10 00:38:07.243598,reported
5069,212,5,125,2026-08-25 00:38:07.243598,reported
5070,212,6,129,2026-08-27 00:38:07.243598,reported
5071,212,7,119,2026-08-06 00:38:07.243598,reported
5072,212,8,147,2026-08-13 00:38:07.243598,reported
5073,212,9,139,2026-08-16 00:38:07.243598,reported
5074,212,10,140,2026-09-01 00:38:07.243598,reported
5075,212,11,121,2026-09-10 00:38:07.243598,reported
5076,212,12,131,2026-09-06 00:38:07.243598,reported
5077,212,13,136,2026-08-24 00:38:07.243598,reported
5078,212,14,152,2026-09-08 00:38:07.243598,reported
5079,212,15,166,2026-08-14 00:38:07.243598,reported
5080,212,16,148,2026-09-19 00:38:07.243598,reported
5081,212,17,146,2026-08-23 00:38:07.243598,reported
5082,212,18,143,2026-09-16 00:38:07.243598,reported
5083,212,19,145,2026-08-08 00:38:07.243598,reported
5084,212,20,157,2026-08-16 00:38:07.243598,reported
5085,212,21,159,2026-08-04 00:38:07.243598,reported
5086,212,22,153,2026-08-19 00:38:07.243598,reported
5087,212,23,151,2026-09-24 00:38:07.243598,reported
5088,212,24,160,2026-09-01 00:38:07.243598,reported
5089,213,1,164,2026-08-08 00:38:07.243598,reported
5090,213,2,161,2026-08-16 00:38:07.243598,reported
5091,213,3,172,2026-08-22 00:38:07.243598,reported
5092,213,4,172,2026-09-02 00:38:07.243598,reported
5093,213,5,163,2026-09-23 00:38:07.243598,reported
5094,213,6,172,2026-09-06 00:38:07.243598,reported
5095,213,7,174,2026-08-05 00:38:07.243598,reported
5096,213,8,178,2026-08-13 00:38:07.243598,reported
5097,213,9,192,2026-09-23 00:38:07.243598,reported
5098,213,10,184,2026-09-07 00:38:07.243598,reported
5099,213,11,197,2026-09-22 00:38:07.243598,reported
5100,213,12,197,2026-08-26 00:38:07.243598,reported
5101,213,13,188,2026-08-21 00:38:07.243598,reported
5102,213,14,203,2026-09-09 00:38:07.243598,reported
5103,213,15,204,2026-08-07 00:38:07.243598,reported
5104,213,16,185,2026-08-15 00:38:07.243598,reported
5105,213,17,204,2026-09-18 00:38:07.243598,reported
5106,213,18,226,2026-09-17 00:38:07.243598,reported
5107,213,19,206,2026-08-15 00:38:07.243598,reported
5108,213,20,219,2026-08-20 00:38:07.243598,reported
5109,213,21,219,2026-08-12 00:38:07.243598,reported
5110,213,22,225,2026-08-30 00:38:07.243598,reported
5111,213,23,218,2026-09-04 00:38:07.243598,reported
5112,213,24,222,2026-09-15 00:38:07.243598,reported
5113,214,1,119,2026-09-04 00:38:07.243598,reported
5114,214,2,109,2026-08-14 00:38:07.243598,reported
5115,214,3,122,2026-08-23 00:38:07.243598,reported
5116,214,4,113,2026-09-18 00:38:07.243598,reported
5117,214,5,121,2026-09-24 00:38:07.243598,reported
5118,214,6,112,2026-07-31 00:38:07.243598,reported
5119,214,7,133,2026-09-02 00:38:07.243598,reported
5120,214,8,123,2026-08-10 00:38:07.243598,reported
5121,214,9,116,2026-09-06 00:38:07.243598,reported
5122,214,10,127,2026-08-02 00:38:07.243598,reported
5123,214,11,130,2026-09-24 00:38:07.243598,reported
5124,214,12,132,2026-08-31 00:38:07.243598,reported
5125,214,13,123,2026-08-12 00:38:07.243598,reported
5126,214,14,121,2026-09-17 00:38:07.243598,reported
5127,214,15,126,2026-09-18 00:38:07.243598,reported
5128,214,16,125,2026-08-20 00:38:07.243598,reported
5129,214,17,136,2026-08-19 00:38:07.243598,reported
5130,214,18,138,2026-08-06 00:38:07.243598,reported
5131,214,19,147,2026-08-05 00:38:07.243598,reported
5132,214,20,146,2026-08-24 00:38:07.243598,reported
5133,214,21,142,2026-08-22 00:38:07.243598,reported
5134,214,22,150,2026-09-06 00:38:07.243598,reported
5135,214,23,161,2026-09-04 00:38:07.243598,reported
5136,214,24,147,2026-09-16 00:38:07.243598,reported
5137,215,1,110,2026-08-19 00:38:07.243598,reported
5138,215,2,121,2026-09-20 00:38:07.243598,reported
5139,215,3,123,2026-09-16 00:38:07.243598,reported
5140,215,4,102,2026-08-14 00:38:07.243598,reported
5141,215,5,120,2026-08-17 00:38:07.243598,reported
5142,215,6,122,2026-09-23 00:38:07.243598,reported
5143,215,7,108,2026-09-16 00:38:07.243598,reported
5144,215,8,134,2026-08-28 00:38:07.243598,reported
5145,215,9,122,2026-08-03 00:38:07.243598,reported
5146,215,10,118,2026-08-08 00:38:07.243598,reported
5147,215,11,128,2026-08-08 00:38:07.243598,reported
5148,215,12,129,2026-09-12 00:38:07.243598,reported
5149,215,13,142,2026-09-22 00:38:07.243598,reported
5150,215,14,128,2026-08-24 00:38:07.243598,reported
5151,215,15,144,2026-08-30 00:38:07.243598,reported
5152,215,16,141,2026-08-21 00:38:07.243598,reported
5153,215,17,131,2026-08-22 00:38:07.243598,reported
5154,215,18,142,2026-09-07 00:38:07.243598,reported
5155,215,19,140,2026-09-11 00:38:07.243598,reported
5156,215,20,141,2026-08-18 00:38:07.243598,reported
5157,215,21,136,2026-09-20 00:38:07.243598,reported
5158,215,22,153,2026-08-01 00:38:07.243598,reported
5159,215,23,168,2026-08-29 00:38:07.243598,reported
5160,215,24,149,2026-09-03 00:38:07.243598,reported
5161,216,1,105,2026-09-24 00:38:07.243598,reported
5162,216,2,133,2026-09-22 00:38:07.243598,reported
5163,216,3,128,2026-08-25 00:38:07.243598,reported
5164,216,4,107,2026-09-19 00:38:07.243598,reported
5165,216,5,133,2026-09-01 00:38:07.243598,reported
5166,216,6,127,2026-08-07 00:38:07.243598,reported
5167,216,7,133,2026-09-14 00:38:07.243598,reported
5168,216,8,137,2026-08-04 00:38:07.243598,reported
5169,216,9,133,2026-09-22 00:38:07.243598,reported
5170,216,10,135,2026-08-02 00:38:07.243598,reported
5171,216,11,140,2026-09-15 00:38:07.243598,reported
5172,216,12,152,2026-08-24 00:38:07.243598,reported
5173,216,13,128,2026-08-22 00:38:07.243598,reported
5174,216,14,141,2026-08-17 00:38:07.243598,reported
5175,216,15,139,2026-08-23 00:38:07.243598,reported
5176,216,16,159,2026-09-03 00:38:07.243598,reported
5177,216,17,146,2026-08-26 00:38:07.243598,reported
5178,216,18,135,2026-09-22 00:38:07.243598,reported
5179,216,19,155,2026-09-01 00:38:07.243598,reported
5180,216,20,147,2026-08-01 00:38:07.243598,reported
5181,216,21,142,2026-09-23 00:38:07.243598,reported
5182,216,22,140,2026-08-14 00:38:07.243598,reported
5183,216,23,153,2026-08-13 00:38:07.243598,reported
5184,216,24,137,2026-08-06 00:38:07.243598,reported
5185,217,1,241,2026-08-26 00:38:07.243598,reported
5186,217,2,236,2026-08-20 00:38:07.243598,reported
5187,217,3,232,2026-09-04 00:38:07.243598,reported
5188,217,4,243,2026-09-24 00:38:07.243598,reported
5189,217,5,254,2026-08-21 00:38:07.243598,reported
5190,217,6,256,2026-09-17 00:38:07.243598,reported
5191,217,7,243,2026-09-02 00:38:07.243598,reported
5192,217,8,252,2026-09-02 00:38:07.243598,reported
5193,217,9,248,2026-09-01 00:38:07.243598,reported
5194,217,10,252,2026-08-17 00:38:07.243598,reported
5195,217,11,254,2026-08-13 00:38:07.243598,reported
5196,217,12,259,2026-09-18 00:38:07.243598,reported
5197,217,13,274,2026-08-10 00:38:07.243598,reported
5198,217,14,278,2026-09-20 00:38:07.243598,reported
5199,217,15,264,2026-09-01 00:38:07.243598,reported
5200,217,16,277,2026-08-02 00:38:07.243598,reported
5201,217,17,290,2026-08-16 00:38:07.243598,reported
5202,217,18,289,2026-08-16 00:38:07.243598,reported
5203,217,19,278,2026-08-24 00:38:07.243598,reported
5204,217,20,272,2026-08-13 00:38:07.243598,reported
5205,217,21,288,2026-09-04 00:38:07.243598,reported
5206,217,22,294,2026-08-31 00:38:07.243598,reported
5207,217,23,286,2026-08-07 00:38:07.243598,reported
5208,217,24,312,2026-08-12 00:38:07.243598,reported
5209,218,1,112,2026-08-07 00:38:07.243598,reported
5210,218,2,99,2026-08-28 00:38:07.243598,reported
5211,218,3,112,2026-09-09 00:38:07.243598,reported
5212,218,4,97,2026-09-01 00:38:07.243598,reported
5213,218,5,113,2026-08-27 00:38:07.243598,reported
5214,218,6,110,2026-09-22 00:38:07.243598,reported
5215,218,7,131,2026-09-19 00:38:07.243598,reported
5216,218,8,118,2026-08-04 00:38:07.243598,reported
5217,218,9,118,2026-08-22 00:38:07.243598,reported
5218,218,10,131,2026-08-21 00:38:07.243598,reported
5219,218,11,105,2026-09-01 00:38:07.243598,reported
5220,218,12,112,2026-08-29 00:38:07.243598,reported
5221,218,13,124,2026-08-19 00:38:07.243598,reported
5222,218,14,121,2026-08-14 00:38:07.243598,reported
5223,218,15,148,2026-08-06 00:38:07.243598,reported
5224,218,16,138,2026-08-17 00:38:07.243598,reported
5225,218,17,112,2026-09-03 00:38:07.243598,reported
5226,218,18,125,2026-09-15 00:38:07.243598,reported
5227,218,19,131,2026-08-31 00:38:07.243598,reported
5228,218,20,125,2026-09-05 00:38:07.243598,reported
5229,218,21,144,2026-09-16 00:38:07.243598,reported
5230,218,22,143,2026-09-16 00:38:07.243598,reported
5231,218,23,145,2026-09-19 00:38:07.243598,reported
5232,218,24,132,2026-08-20 00:38:07.243598,reported
5233,219,1,138,2026-09-11 00:38:07.243598,reported
5234,219,2,147,2026-08-19 00:38:07.243598,reported
5235,219,3,147,2026-08-19 00:38:07.243598,reported
5236,219,4,146,2026-09-14 00:38:07.243598,reported
5237,219,5,151,2026-09-01 00:38:07.243598,reported
5238,219,6,159,2026-09-02 00:38:07.243598,reported
5239,219,7,144,2026-08-19 00:38:07.243598,reported
5240,219,8,155,2026-08-18 00:38:07.243598,reported
5241,219,9,144,2026-08-11 00:38:07.243598,reported
5242,219,10,154,2026-08-30 00:38:07.243598,reported
5243,219,11,180,2026-08-19 00:38:07.243598,reported
5244,219,12,158,2026-09-20 00:38:07.243598,reported
5245,219,13,155,2026-09-17 00:38:07.243598,reported
5246,219,14,165,2026-08-08 00:38:07.243598,reported
5247,219,15,177,2026-09-01 00:38:07.243598,reported
5248,219,16,169,2026-09-10 00:38:07.243598,reported
5249,219,17,166,2026-08-20 00:38:07.243598,reported
5250,219,18,175,2026-09-08 00:38:07.243598,reported
5251,219,19,167,2026-09-21 00:38:07.243598,reported
5252,219,20,181,2026-09-01 00:38:07.243598,reported
5253,219,21,180,2026-09-04 00:38:07.243598,reported
5254,219,22,190,2026-08-29 00:38:07.243598,reported
5255,219,23,188,2026-08-24 00:38:07.243598,reported
5256,219,24,213,2026-09-06 00:38:07.243598,reported
5257,220,1,230,2026-08-12 00:38:07.243598,reported
5258,220,2,218,2026-08-10 00:38:07.243598,reported
5259,220,3,233,2026-08-13 00:38:07.243598,reported
5260,220,4,230,2026-08-29 00:38:07.243598,reported
5261,220,5,241,2026-09-21 00:38:07.243598,reported
5262,220,6,225,2026-09-07 00:38:07.243598,reported
5263,220,7,234,2026-09-12 00:38:07.243598,reported
5264,220,8,242,2026-09-11 00:38:07.243598,reported
5265,220,9,253,2026-09-20 00:38:07.243598,reported
5266,220,10,250,2026-09-23 00:38:07.243598,reported
5267,220,11,253,2026-08-19 00:38:07.243598,reported
5268,220,12,253,2026-09-20 00:38:07.243598,reported
5269,220,13,248,2026-08-15 00:38:07.243598,reported
5270,220,14,263,2026-08-14 00:38:07.243598,reported
5271,220,15,284,2026-09-14 00:38:07.243598,reported
5272,220,16,270,2026-09-13 00:38:07.243598,reported
5273,220,17,287,2026-09-08 00:38:07.243598,reported
5274,220,18,287,2026-08-28 00:38:07.243598,reported
5275,220,19,282,2026-08-11 00:38:07.243598,reported
5276,220,20,283,2026-08-13 00:38:07.243598,reported
5277,220,21,282,2026-08-24 00:38:07.243598,reported
5278,220,22,301,2026-09-18 00:38:07.243598,reported
5279,220,23,287,2026-09-04 00:38:07.243598,reported
5280,220,24,298,2026-08-16 00:38:07.243598,reported
5281,221,1,131,2026-08-12 00:38:07.243598,reported
5282,221,2,148,2026-08-29 00:38:07.243598,reported
5283,221,3,143,2026-09-07 00:38:07.243598,reported
5284,221,4,148,2026-08-10 00:38:07.243598,reported
5285,221,5,150,2026-08-10 00:38:07.243598,reported
5286,221,6,159,2026-09-19 00:38:07.243598,reported
5287,221,7,143,2026-09-23 00:38:07.243598,reported
5288,221,8,156,2026-09-21 00:38:07.243598,reported
5289,221,9,152,2026-09-07 00:38:07.243598,reported
5290,221,10,162,2026-08-20 00:38:07.243598,reported
5291,221,11,156,2026-09-06 00:38:07.243598,reported
5292,221,12,167,2026-08-03 00:38:07.243598,reported
5293,221,13,160,2026-09-04 00:38:07.243598,reported
5294,221,14,161,2026-08-17 00:38:07.243598,reported
5295,221,15,143,2026-08-14 00:38:07.243598,reported
5296,221,16,161,2026-09-09 00:38:07.243598,reported
5297,221,17,170,2026-09-05 00:38:07.243598,reported
5298,221,18,169,2026-08-28 00:38:07.243598,reported
5299,221,19,180,2026-09-10 00:38:07.243598,reported
5300,221,20,186,2026-09-14 00:38:07.243598,reported
5301,221,21,176,2026-08-24 00:38:07.243598,reported
5302,221,22,177,2026-08-22 00:38:07.243598,reported
5303,221,23,169,2026-09-02 00:38:07.243598,reported
5304,221,24,178,2026-09-19 00:38:07.243598,reported
5305,222,1,222,2026-08-01 00:38:07.243598,reported
5306,222,2,215,2026-08-03 00:38:07.243598,reported
5307,222,3,233,2026-08-25 00:38:07.243598,reported
5308,222,4,233,2026-09-15 00:38:07.243598,reported
5309,222,5,245,2026-08-16 00:38:07.243598,reported
5310,222,6,230,2026-09-23 00:38:07.243598,reported
5311,222,7,252,2026-07-31 00:38:07.243598,reported
5312,222,8,243,2026-08-16 00:38:07.243598,reported
5313,222,9,245,2026-08-29 00:38:07.243598,reported
5314,222,10,253,2026-09-04 00:38:07.243598,reported
5315,222,11,257,2026-08-16 00:38:07.243598,reported
5316,222,12,264,2026-08-20 00:38:07.243598,reported
5317,222,13,251,2026-08-02 00:38:07.243598,reported
5318,222,14,260,2026-09-24 00:38:07.243598,reported
5319,222,15,255,2026-08-30 00:38:07.243598,reported
5320,222,16,266,2026-09-03 00:38:07.243598,reported
5321,222,17,278,2026-09-08 00:38:07.243598,reported
5322,222,18,280,2026-09-05 00:38:07.243598,reported
5323,222,19,278,2026-08-22 00:38:07.243598,reported
5324,222,20,284,2026-08-14 00:38:07.243598,reported
5325,222,21,273,2026-08-29 00:38:07.243598,reported
5326,222,22,285,2026-08-29 00:38:07.243598,reported
5327,222,23,294,2026-09-19 00:38:07.243598,reported
5328,222,24,310,2026-08-26 00:38:07.243598,reported
5329,223,1,241,2026-09-04 00:38:07.243598,reported
5330,223,2,237,2026-09-12 00:38:07.243598,reported
5331,223,3,241,2026-08-28 00:38:07.243598,reported
5332,223,4,241,2026-08-27 00:38:07.243598,reported
5333,223,5,258,2026-07-31 00:38:07.243598,reported
5334,223,6,262,2026-08-22 00:38:07.243598,reported
5335,223,7,252,2026-08-23 00:38:07.243598,reported
5336,223,8,253,2026-08-22 00:38:07.243598,reported
5337,223,9,244,2026-07-31 00:38:07.243598,reported
5338,223,10,260,2026-08-30 00:38:07.243598,reported
5339,223,11,277,2026-08-01 00:38:07.243598,reported
5340,223,12,281,2026-08-10 00:38:07.243598,reported
5341,223,13,282,2026-08-16 00:38:07.243598,reported
5342,223,14,281,2026-09-08 00:38:07.243598,reported
5343,223,15,265,2026-08-25 00:38:07.243598,reported
5344,223,16,294,2026-08-01 00:38:07.243598,reported
5345,223,17,268,2026-09-23 00:38:07.243598,reported
5346,223,18,287,2026-09-15 00:38:07.243598,reported
5347,223,19,299,2026-09-11 00:38:07.243598,reported
5348,223,20,301,2026-08-22 00:38:07.243598,reported
5349,223,21,305,2026-08-19 00:38:07.243598,reported
5350,223,22,311,2026-08-23 00:38:07.243598,reported
5351,223,23,300,2026-09-21 00:38:07.243598,reported
5352,223,24,307,2026-09-06 00:38:07.243598,reported
5353,224,1,125,2026-09-04 00:38:07.243598,reported
5354,224,2,127,2026-09-24 00:38:07.243598,reported
5355,224,3,130,2026-08-23 00:38:07.243598,reported
5356,224,4,134,2026-08-02 00:38:07.243598,reported
5357,224,5,119,2026-08-01 00:38:07.243598,reported
5358,224,6,131,2026-09-01 00:38:07.243598,reported
5359,224,7,113,2026-09-10 00:38:07.243598,reported
5360,224,8,134,2026-08-12 00:38:07.243598,reported
5361,224,9,132,2026-09-13 00:38:07.243598,reported
5362,224,10,124,2026-09-18 00:38:07.243598,reported
5363,224,11,151,2026-08-08 00:38:07.243598,reported
5364,224,12,143,2026-08-26 00:38:07.243598,reported
5365,224,13,136,2026-08-27 00:38:07.243598,reported
5366,224,14,153,2026-09-01 00:38:07.243598,reported
5367,224,15,148,2026-09-06 00:38:07.243598,reported
5368,224,16,146,2026-08-09 00:38:07.243598,reported
5369,224,17,158,2026-08-11 00:38:07.243598,reported
5370,224,18,138,2026-08-10 00:38:07.243598,reported
5371,224,19,149,2026-08-30 00:38:07.243598,reported
5372,224,20,168,2026-08-17 00:38:07.243598,reported
5373,224,21,165,2026-09-23 00:38:07.243598,reported
5374,224,22,164,2026-09-16 00:38:07.243598,reported
5375,224,23,157,2026-08-27 00:38:07.243598,reported
5376,224,24,158,2026-09-20 00:38:07.243598,reported
5377,225,1,148,2026-09-06 00:38:07.243598,reported
5378,225,2,134,2026-08-05 00:38:07.243598,reported
5379,225,3,161,2026-09-08 00:38:07.243598,reported
5380,225,4,127,2026-09-03 00:38:07.243598,reported
5381,225,5,162,2026-09-03 00:38:07.243598,reported
5382,225,6,164,2026-09-23 00:38:07.243598,reported
5383,225,7,156,2026-08-30 00:38:07.243598,reported
5384,225,8,154,2026-08-05 00:38:07.243598,reported
5385,225,9,165,2026-08-31 00:38:07.243598,reported
5386,225,10,169,2026-09-04 00:38:07.243598,reported
5387,225,11,158,2026-09-22 00:38:07.243598,reported
5388,225,12,165,2026-09-03 00:38:07.243598,reported
5389,225,13,155,2026-08-10 00:38:07.243598,reported
5390,225,14,184,2026-08-17 00:38:07.243598,reported
5391,225,15,180,2026-09-09 00:38:07.243598,reported
5392,225,16,175,2026-09-02 00:38:07.243598,reported
5393,225,17,179,2026-08-14 00:38:07.243598,reported
5394,225,18,186,2026-09-11 00:38:07.243598,reported
5395,225,19,171,2026-08-18 00:38:07.243598,reported
5396,225,20,196,2026-09-01 00:38:07.243598,reported
5397,225,21,203,2026-08-01 00:38:07.243598,reported
5398,225,22,198,2026-09-07 00:38:07.243598,reported
5399,225,23,195,2026-08-22 00:38:07.243598,reported
5400,225,24,192,2026-08-20 00:38:07.243598,reported
5401,226,1,120,2026-08-29 00:38:07.243598,reported
5402,226,2,111,2026-08-22 00:38:07.243598,reported
5403,226,3,101,2026-09-18 00:38:07.243598,reported
5404,226,4,110,2026-09-20 00:38:07.243598,reported
5405,226,5,95,2026-09-11 00:38:07.243598,reported
5406,226,6,109,2026-08-29 00:38:07.243598,reported
5407,226,7,113,2026-08-04 00:38:07.243598,reported
5408,226,8,111,2026-09-06 00:38:07.243598,reported
5409,226,9,118,2026-08-23 00:38:07.243598,reported
5410,226,10,121,2026-08-05 00:38:07.243598,reported
5411,226,11,129,2026-07-31 00:38:07.243598,reported
5412,226,12,122,2026-08-06 00:38:07.243598,reported
5413,226,13,119,2026-08-14 00:38:07.243598,reported
5414,226,14,120,2026-09-14 00:38:07.243598,reported
5415,226,15,120,2026-08-05 00:38:07.243598,reported
5416,226,16,130,2026-09-17 00:38:07.243598,reported
5417,226,17,108,2026-08-21 00:38:07.243598,reported
5418,226,18,124,2026-09-24 00:38:07.243598,reported
5419,226,19,148,2026-09-06 00:38:07.243598,reported
5420,226,20,126,2026-08-26 00:38:07.243598,reported
5421,226,21,124,2026-08-24 00:38:07.243598,reported
5422,226,22,141,2026-09-11 00:38:07.243598,reported
5423,226,23,136,2026-08-23 00:38:07.243598,reported
5424,226,24,139,2026-09-19 00:38:07.243598,reported
5425,227,1,172,2026-09-18 00:38:07.243598,reported
5426,227,2,171,2026-08-07 00:38:07.243598,reported
5427,227,3,178,2026-09-16 00:38:07.243598,reported
5428,227,4,174,2026-09-23 00:38:07.243598,reported
5429,227,5,183,2026-09-21 00:38:07.243598,reported
5430,227,6,181,2026-08-07 00:38:07.243598,reported
5431,227,7,179,2026-09-14 00:38:07.243598,reported
5432,227,8,173,2026-08-05 00:38:07.243598,reported
5433,227,9,186,2026-09-06 00:38:07.243598,reported
5434,227,10,176,2026-09-08 00:38:07.243598,reported
5435,227,11,190,2026-08-09 00:38:07.243598,reported
5436,227,12,190,2026-08-09 00:38:07.243598,reported
5437,227,13,195,2026-08-02 00:38:07.243598,reported
5438,227,14,179,2026-08-25 00:38:07.243598,reported
5439,227,15,192,2026-09-24 00:38:07.243598,reported
5440,227,16,207,2026-09-17 00:38:07.243598,reported
5441,227,17,207,2026-09-10 00:38:07.243598,reported
5442,227,18,199,2026-08-22 00:38:07.243598,reported
5443,227,19,215,2026-08-05 00:38:07.243598,reported
5444,227,20,216,2026-08-03 00:38:07.243598,reported
5445,227,21,214,2026-09-21 00:38:07.243598,reported
5446,227,22,216,2026-09-15 00:38:07.243598,reported
5447,227,23,227,2026-08-07 00:38:07.243598,reported
5448,227,24,225,2026-08-25 00:38:07.243598,reported
5449,228,1,194,2026-08-10 00:38:07.243598,reported
5450,228,2,193,2026-08-18 00:38:07.243598,reported
5451,228,3,198,2026-09-11 00:38:07.243598,reported
5452,228,4,200,2026-08-27 00:38:07.243598,reported
5453,228,5,198,2026-08-05 00:38:07.243598,reported
5454,228,6,208,2026-08-06 00:38:07.243598,reported
5455,228,7,212,2026-08-04 00:38:07.243598,reported
5456,228,8,212,2026-09-18 00:38:07.243598,reported
5457,228,9,228,2026-08-22 00:38:07.243598,reported
5458,228,10,220,2026-08-30 00:38:07.243598,reported
5459,228,11,204,2026-08-30 00:38:07.243598,reported
5460,228,12,233,2026-08-22 00:38:07.243598,reported
5461,228,13,215,2026-08-14 00:38:07.243598,reported
5462,228,14,223,2026-09-23 00:38:07.243598,reported
5463,228,15,220,2026-09-16 00:38:07.243598,reported
5464,228,16,221,2026-08-27 00:38:07.243598,reported
5465,228,17,247,2026-08-29 00:38:07.243598,reported
5466,228,18,242,2026-08-07 00:38:07.243598,reported
5467,228,19,250,2026-09-11 00:38:07.243598,reported
5468,228,20,257,2026-09-13 00:38:07.243598,reported
5469,228,21,251,2026-08-28 00:38:07.243598,reported
5470,228,22,260,2026-09-08 00:38:07.243598,reported
5471,228,23,256,2026-09-08 00:38:07.243598,reported
5472,228,24,271,2026-08-03 00:38:07.243598,reported
5473,229,1,165,2026-08-20 00:38:07.243598,reported
5474,229,2,159,2026-09-19 00:38:07.243598,reported
5475,229,3,180,2026-09-21 00:38:07.243598,reported
5476,229,4,177,2026-08-05 00:38:07.243598,reported
5477,229,5,174,2026-09-21 00:38:07.243598,reported
5478,229,6,165,2026-09-07 00:38:07.243598,reported
5479,229,7,173,2026-08-01 00:38:07.243598,reported
5480,229,8,194,2026-09-04 00:38:07.243598,reported
5481,229,9,189,2026-09-20 00:38:07.243598,reported
5482,229,10,204,2026-08-29 00:38:07.243598,reported
5483,229,11,201,2026-08-16 00:38:07.243598,reported
5484,229,12,200,2026-08-09 00:38:07.243598,reported
5485,229,13,191,2026-09-12 00:38:07.243598,reported
5486,229,14,210,2026-09-24 00:38:07.243598,reported
5487,229,15,198,2026-09-06 00:38:07.243598,reported
5488,229,16,195,2026-09-13 00:38:07.243598,reported
5489,229,17,196,2026-09-10 00:38:07.243598,reported
5490,229,18,222,2026-09-05 00:38:07.243598,reported
5491,229,19,218,2026-09-18 00:38:07.243598,reported
5492,229,20,208,2026-08-20 00:38:07.243598,reported
5493,229,21,212,2026-08-17 00:38:07.243598,reported
5494,229,22,219,2026-08-28 00:38:07.243598,reported
5495,229,23,217,2026-09-22 00:38:07.243598,reported
5496,229,24,230,2026-09-22 00:38:07.243598,reported
5497,230,1,202,2026-08-12 00:38:07.243598,reported
5498,230,2,201,2026-08-12 00:38:07.243598,reported
5499,230,3,204,2026-08-15 00:38:07.243598,reported
5500,230,4,214,2026-09-16 00:38:07.243598,reported
5501,230,5,229,2026-09-16 00:38:07.243598,reported
5502,230,6,235,2026-09-05 00:38:07.243598,reported
5503,230,7,220,2026-08-22 00:38:07.243598,reported
5504,230,8,218,2026-08-28 00:38:07.243598,reported
5505,230,9,236,2026-09-17 00:38:07.243598,reported
5506,230,10,234,2026-08-15 00:38:07.243598,reported
5507,230,11,252,2026-08-10 00:38:07.243598,reported
5508,230,12,233,2026-09-02 00:38:07.243598,reported
5509,230,13,243,2026-08-27 00:38:07.243598,reported
5510,230,14,238,2026-09-04 00:38:07.243598,reported
5511,230,15,255,2026-09-14 00:38:07.243598,reported
5512,230,16,262,2026-08-09 00:38:07.243598,reported
5513,230,17,264,2026-08-19 00:38:07.243598,reported
5514,230,18,255,2026-08-28 00:38:07.243598,reported
5515,230,19,268,2026-08-10 00:38:07.243598,reported
5516,230,20,257,2026-09-11 00:38:07.243598,reported
5517,230,21,274,2026-08-19 00:38:07.243598,reported
5518,230,22,281,2026-08-09 00:38:07.243598,reported
5519,230,23,255,2026-09-21 00:38:07.243598,reported
5520,230,24,289,2026-09-16 00:38:07.243598,reported
5521,231,1,198,2026-08-16 00:38:07.243598,reported
5522,231,2,205,2026-08-09 00:38:07.243598,reported
5523,231,3,201,2026-09-12 00:38:07.243598,reported
5524,231,4,208,2026-08-29 00:38:07.243598,reported
5525,231,5,225,2026-08-10 00:38:07.243598,reported
5526,231,6,218,2026-08-05 00:38:07.243598,reported
5527,231,7,218,2026-08-06 00:38:07.243598,reported
5528,231,8,231,2026-09-09 00:38:07.243598,reported
5529,231,9,227,2026-08-17 00:38:07.243598,reported
5530,231,10,228,2026-09-19 00:38:07.243598,reported
5531,231,11,238,2026-08-23 00:38:07.243598,reported
5532,231,12,242,2026-09-13 00:38:07.243598,reported
5533,231,13,244,2026-08-01 00:38:07.243598,reported
5534,231,14,250,2026-08-27 00:38:07.243598,reported
5535,231,15,250,2026-08-02 00:38:07.243598,reported
5536,231,16,252,2026-09-01 00:38:07.243598,reported
5537,231,17,258,2026-09-15 00:38:07.243598,reported
5538,231,18,255,2026-09-24 00:38:07.243598,reported
5539,231,19,254,2026-08-11 00:38:07.243598,reported
5540,231,20,265,2026-09-14 00:38:07.243598,reported
5541,231,21,260,2026-08-28 00:38:07.243598,reported
5542,231,22,259,2026-08-08 00:38:07.243598,reported
5543,231,23,273,2026-08-06 00:38:07.243598,reported
5544,231,24,273,2026-08-04 00:38:07.243598,reported
5545,232,1,216,2026-09-15 00:38:07.243598,reported
5546,232,2,223,2026-08-22 00:38:07.243598,reported
5547,232,3,231,2026-08-16 00:38:07.243598,reported
5548,232,4,232,2026-09-10 00:38:07.243598,reported
5549,232,5,219,2026-09-16 00:38:07.243598,reported
5550,232,6,239,2026-08-26 00:38:07.243598,reported
5551,232,7,211,2026-08-31 00:38:07.243598,reported
5552,232,8,247,2026-08-21 00:38:07.243598,reported
5553,232,9,241,2026-09-19 00:38:07.243598,reported
5554,232,10,250,2026-08-14 00:38:07.243598,reported
5555,232,11,267,2026-08-20 00:38:07.243598,reported
5556,232,12,245,2026-09-10 00:38:07.243598,reported
5557,232,13,255,2026-08-30 00:38:07.243598,reported
5558,232,14,256,2026-09-20 00:38:07.243598,reported
5559,232,15,258,2026-07-31 00:38:07.243598,reported
5560,232,16,249,2026-08-03 00:38:07.243598,reported
5561,232,17,269,2026-08-21 00:38:07.243598,reported
5562,232,18,270,2026-09-04 00:38:07.243598,reported
5563,232,19,269,2026-09-21 00:38:07.243598,reported
5564,232,20,287,2026-09-11 00:38:07.243598,reported
5565,232,21,289,2026-08-23 00:38:07.243598,reported
5566,232,22,276,2026-08-16 00:38:07.243598,reported
5567,232,23,285,2026-09-18 00:38:07.243598,reported
5568,232,24,286,2026-09-15 00:38:07.243598,reported
5569,233,1,187,2026-08-22 00:38:07.243598,reported
5570,233,2,187,2026-08-09 00:38:07.243598,reported
5571,233,3,177,2026-08-27 00:38:07.243598,reported
5572,233,4,199,2026-08-11 00:38:07.243598,reported
5573,233,5,198,2026-08-11 00:38:07.243598,reported
5574,233,6,191,2026-08-20 00:38:07.243598,reported
5575,233,7,192,2026-08-01 00:38:07.243598,reported
5576,233,8,193,2026-08-15 00:38:07.243598,reported
5577,233,9,210,2026-07-31 00:38:07.243598,reported
5578,233,10,193,2026-08-13 00:38:07.243598,reported
5579,233,11,211,2026-08-09 00:38:07.243598,reported
5580,233,12,203,2026-09-24 00:38:07.243598,reported
5581,233,13,203,2026-08-15 00:38:07.243598,reported
5582,233,14,209,2026-09-11 00:38:07.243598,reported
5583,233,15,200,2026-08-05 00:38:07.243598,reported
5584,233,16,209,2026-08-24 00:38:07.243598,reported
5585,233,17,213,2026-08-11 00:38:07.243598,reported
5586,233,18,228,2026-09-12 00:38:07.243598,reported
5587,233,19,241,2026-09-21 00:38:07.243598,reported
5588,233,20,232,2026-08-06 00:38:07.243598,reported
5589,233,21,228,2026-08-23 00:38:07.243598,reported
5590,233,22,227,2026-08-02 00:38:07.243598,reported
5591,233,23,219,2026-08-29 00:38:07.243598,reported
5592,233,24,238,2026-08-19 00:38:07.243598,reported
5593,234,1,138,2026-09-06 00:38:07.243598,reported
5594,234,2,139,2026-08-15 00:38:07.243598,reported
5595,234,3,140,2026-09-23 00:38:07.243598,reported
5596,234,4,163,2026-08-18 00:38:07.243598,reported
5597,234,5,152,2026-09-24 00:38:07.243598,reported
5598,234,6,145,2026-08-25 00:38:07.243598,reported
5599,234,7,161,2026-08-21 00:38:07.243598,reported
5600,234,8,174,2026-08-15 00:38:07.243598,reported
5601,234,9,160,2026-08-13 00:38:07.243598,reported
5602,234,10,159,2026-08-27 00:38:07.243598,reported
5603,234,11,164,2026-09-22 00:38:07.243598,reported
5604,234,12,157,2026-09-24 00:38:07.243598,reported
5605,234,13,169,2026-08-23 00:38:07.243598,reported
5606,234,14,181,2026-08-21 00:38:07.243598,reported
5607,234,15,164,2026-09-02 00:38:07.243598,reported
5608,234,16,195,2026-08-18 00:38:07.243598,reported
5609,234,17,170,2026-08-13 00:38:07.243598,reported
5610,234,18,165,2026-08-19 00:38:07.243598,reported
5611,234,19,171,2026-08-03 00:38:07.243598,reported
5612,234,20,180,2026-09-23 00:38:07.243598,reported
5613,234,21,187,2026-09-20 00:38:07.243598,reported
5614,234,22,190,2026-08-29 00:38:07.243598,reported
5615,234,23,199,2026-08-22 00:38:07.243598,reported
5616,234,24,184,2026-09-16 00:38:07.243598,reported
5617,235,1,203,2026-08-20 00:38:07.243598,reported
5618,235,2,204,2026-09-15 00:38:07.243598,reported
5619,235,3,199,2026-09-04 00:38:07.243598,reported
5620,235,4,192,2026-07-31 00:38:07.243598,reported
5621,235,5,197,2026-08-01 00:38:07.243598,reported
5622,235,6,205,2026-09-01 00:38:07.243598,reported
5623,235,7,221,2026-08-04 00:38:07.243598,reported
5624,235,8,220,2026-08-26 00:38:07.243598,reported
5625,235,9,203,2026-08-09 00:38:07.243598,reported
5626,235,10,213,2026-09-03 00:38:07.243598,reported
5627,235,11,214,2026-08-22 00:38:07.243598,reported
5628,235,12,229,2026-08-22 00:38:07.243598,reported
5629,235,13,233,2026-08-30 00:38:07.243598,reported
5630,235,14,225,2026-08-28 00:38:07.243598,reported
5631,235,15,239,2026-09-21 00:38:07.243598,reported
5632,235,16,219,2026-07-31 00:38:07.243598,reported
5633,235,17,237,2026-09-07 00:38:07.243598,reported
5634,235,18,247,2026-09-24 00:38:07.243598,reported
5635,235,19,242,2026-09-08 00:38:07.243598,reported
5636,235,20,232,2026-09-11 00:38:07.243598,reported
5637,235,21,243,2026-08-01 00:38:07.243598,reported
5638,235,22,236,2026-09-12 00:38:07.243598,reported
5639,235,23,241,2026-07-31 00:38:07.243598,reported
5640,235,24,264,2026-08-19 00:38:07.243598,reported
5641,236,1,79,2026-08-01 00:38:07.243598,reported
5642,236,2,84,2026-08-28 00:38:07.243598,reported
5643,236,3,84,2026-09-08 00:38:07.243598,reported
5644,236,4,98,2026-08-29 00:38:07.243598,reported
5645,236,5,87,2026-08-14 00:38:07.243598,reported
5646,236,6,95,2026-09-01 00:38:07.243598,reported
5647,236,7,108,2026-09-08 00:38:07.243598,reported
5648,236,8,100,2026-09-06 00:38:07.243598,reported
5649,236,9,87,2026-08-31 00:38:07.243598,reported
5650,236,10,109,2026-09-18 00:38:07.243598,reported
5651,236,11,93,2026-09-16 00:38:07.243598,reported
5652,236,12,97,2026-08-29 00:38:07.243598,reported
5653,236,13,101,2026-08-27 00:38:07.243598,reported
5654,236,14,115,2026-08-05 00:38:07.243598,reported
5655,236,15,102,2026-08-01 00:38:07.243598,reported
5656,236,16,111,2026-09-13 00:38:07.243598,reported
5657,236,17,99,2026-08-18 00:38:07.243598,reported
5658,236,18,120,2026-08-04 00:38:07.243598,reported
5659,236,19,123,2026-09-20 00:38:07.243598,reported
5660,236,20,104,2026-09-09 00:38:07.243598,reported
5661,236,21,103,2026-08-17 00:38:07.243598,reported
5662,236,22,120,2026-09-15 00:38:07.243598,reported
5663,236,23,104,2026-08-10 00:38:07.243598,reported
5664,236,24,123,2026-09-20 00:38:07.243598,reported
5665,237,1,210,2026-07-31 00:38:07.243598,reported
5666,237,2,216,2026-08-23 00:38:07.243598,reported
5667,237,3,206,2026-09-18 00:38:07.243598,reported
5668,237,4,235,2026-08-19 00:38:07.243598,reported
5669,237,5,220,2026-09-02 00:38:07.243598,reported
5670,237,6,229,2026-09-18 00:38:07.243598,reported
5671,237,7,222,2026-08-31 00:38:07.243598,reported
5672,237,8,244,2026-08-10 00:38:07.243598,reported
5673,237,9,238,2026-09-10 00:38:07.243598,reported
5674,237,10,245,2026-08-08 00:38:07.243598,reported
5675,237,11,249,2026-09-01 00:38:07.243598,reported
5676,237,12,253,2026-08-17 00:38:07.243598,reported
5677,237,13,246,2026-08-01 00:38:07.243598,reported
5678,237,14,247,2026-09-14 00:38:07.243598,reported
5679,237,15,252,2026-08-27 00:38:07.243598,reported
5680,237,16,259,2026-09-23 00:38:07.243598,reported
5681,237,17,267,2026-09-19 00:38:07.243598,reported
5682,237,18,267,2026-08-04 00:38:07.243598,reported
5683,237,19,279,2026-07-31 00:38:07.243598,reported
5684,237,20,272,2026-08-20 00:38:07.243598,reported
5685,237,21,281,2026-07-31 00:38:07.243598,reported
5686,237,22,266,2026-08-29 00:38:07.243598,reported
5687,237,23,279,2026-08-24 00:38:07.243598,reported
5688,237,24,282,2026-08-29 00:38:07.243598,reported
5689,238,1,199,2026-07-31 00:38:07.243598,reported
5690,238,2,227,2026-08-31 00:38:07.243598,reported
5691,238,3,214,2026-09-19 00:38:07.243598,reported
5692,238,4,198,2026-09-02 00:38:07.243598,reported
5693,238,5,201,2026-08-28 00:38:07.243598,reported
5694,238,6,224,2026-08-15 00:38:07.243598,reported
5695,238,7,219,2026-09-21 00:38:07.243598,reported
5696,238,8,228,2026-08-21 00:38:07.243598,reported
5697,238,9,229,2026-09-10 00:38:07.243598,reported
5698,238,10,226,2026-08-26 00:38:07.243598,reported
5699,238,11,220,2026-08-30 00:38:07.243598,reported
5700,238,12,233,2026-09-18 00:38:07.243598,reported
5701,238,13,243,2026-08-20 00:38:07.243598,reported
5702,238,14,251,2026-09-04 00:38:07.243598,reported
5703,238,15,234,2026-08-11 00:38:07.243598,reported
5704,238,16,241,2026-09-03 00:38:07.243598,reported
5705,238,17,241,2026-09-21 00:38:07.243598,reported
5706,238,18,252,2026-08-23 00:38:07.243598,reported
5707,238,19,260,2026-08-14 00:38:07.243598,reported
5708,238,20,260,2026-09-12 00:38:07.243598,reported
5709,238,21,276,2026-09-24 00:38:07.243598,reported
5710,238,22,266,2026-09-12 00:38:07.243598,reported
5711,238,23,275,2026-08-16 00:38:07.243598,reported
5712,238,24,278,2026-09-15 00:38:07.243598,reported
5713,239,1,146,2026-07-31 00:38:07.243598,reported
5714,239,2,133,2026-09-09 00:38:07.243598,reported
5715,239,3,138,2026-09-01 00:38:07.243598,reported
5716,239,4,152,2026-09-18 00:38:07.243598,reported
5717,239,5,147,2026-08-07 00:38:07.243598,reported
5718,239,6,149,2026-09-15 00:38:07.243598,reported
5719,239,7,168,2026-08-16 00:38:07.243598,reported
5720,239,8,145,2026-08-12 00:38:07.243598,reported
5721,239,9,156,2026-08-08 00:38:07.243598,reported
5722,239,10,177,2026-08-21 00:38:07.243598,reported
5723,239,11,175,2026-09-23 00:38:07.243598,reported
5724,239,12,174,2026-08-28 00:38:07.243598,reported
5725,239,13,166,2026-08-11 00:38:07.243598,reported
5726,239,14,164,2026-09-23 00:38:07.243598,reported
5727,239,15,184,2026-08-11 00:38:07.243598,reported
5728,239,16,177,2026-08-21 00:38:07.243598,reported
5729,239,17,172,2026-08-15 00:38:07.243598,reported
5730,239,18,178,2026-09-23 00:38:07.243598,reported
5731,239,19,170,2026-08-18 00:38:07.243598,reported
5732,239,20,188,2026-08-09 00:38:07.243598,reported
5733,239,21,185,2026-08-03 00:38:07.243598,reported
5734,239,22,181,2026-08-15 00:38:07.243598,reported
5735,239,23,174,2026-09-09 00:38:07.243598,reported
5736,239,24,186,2026-08-17 00:38:07.243598,reported
5737,240,1,155,2026-08-29 00:38:07.243598,reported
5738,240,2,138,2026-09-20 00:38:07.243598,reported
5739,240,3,159,2026-08-17 00:38:07.243598,reported
5740,240,4,148,2026-09-18 00:38:07.243598,reported
5741,240,5,161,2026-09-20 00:38:07.243598,reported
5742,240,6,155,2026-08-04 00:38:07.243598,reported
5743,240,7,159,2026-08-09 00:38:07.243598,reported
5744,240,8,164,2026-08-24 00:38:07.243598,reported
5745,240,9,162,2026-08-02 00:38:07.243598,reported
5746,240,10,179,2026-08-22 00:38:07.243598,reported
5747,240,11,164,2026-09-05 00:38:07.243598,reported
5748,240,12,175,2026-09-19 00:38:07.243598,reported
5749,240,13,172,2026-08-10 00:38:07.243598,reported
5750,240,14,183,2026-09-07 00:38:07.243598,reported
5751,240,15,156,2026-07-31 00:38:07.243598,reported
5752,240,16,178,2026-09-16 00:38:07.243598,reported
5753,240,17,195,2026-09-22 00:38:07.243598,reported
5754,240,18,193,2026-09-02 00:38:07.243598,reported
5755,240,19,180,2026-08-27 00:38:07.243598,reported
5756,240,20,198,2026-08-26 00:38:07.243598,reported
5757,240,21,172,2026-09-15 00:38:07.243598,reported
5758,240,22,195,2026-08-01 00:38:07.243598,reported
5759,240,23,177,2026-08-19 00:38:07.243598,reported
5760,240,24,191,2026-09-13 00:38:07.243598,reported
